,8012,8022
2013-07-01,2969,2516
2013-07-02,3387,2869
2013-07-03,3361,3037
2013-07-04,3386,2996
2013-07-05,2909,2893
2013-07-06,783,1085
2013-07-07,308,366
2013-07-08,1376,1171
2013-07-09,431,473
2013-07-10,3397,2949
2013-07-11,2768,2437
2013-07-12,3172,2763
2013-07-13,700,989
2013-07-14,428,531
2013-07-15,2997,2668
2013-07-16,2936,2694
2013-07-17,2921,2623
2013-07-18,2903,2523
2013-07-19,2655,2484
2013-07-20,790,965
2013-07-21,502,759
2013-07-22,2838,2708
2013-07-23,2773,2561
2013-07-24,2645,2464
2013-07-25,2693,2543
2013-07-26,2758,2529
2013-07-27,774,946
2013-07-28,274,410
2013-07-29,2931,2678
2013-07-30,2914,2755
2013-07-31,3140,2794
2013-08-01,3714,3551
2013-08-02,3608,3070
2013-08-03,1133,1468
2013-08-04,495,497
2013-08-05,4019,3622
2013-08-06,3833,3778
2013-08-07,4249,3750
2013-08-08,5164,4595
2013-08-09,5562,4936
2013-08-10,2952,2681
2013-08-11,410,519
2013-08-12,4566,3552
2013-08-13,4471,3851
2013-08-14,4680,3977
2013-08-15,4633,3824
2013-08-16,4355,4041
2013-08-17,1392,1880
2013-08-18,356,442
2013-08-19,4374,3798
2013-08-20,4579,3831
2013-08-21,4498,3658
2013-08-22,4453,3806
2013-08-23,4284,3773
2013-08-24,1270,1908
2013-08-25,380,442
2013-08-26,3691,3607
2013-08-27,4250,3607
2013-08-28,4339,3674
2013-08-29,4366,3743
2013-08-30,4493,3824
2013-08-31,1199,1774
2013-09-01,399,433
2013-09-02,3502,3127
2013-09-03,3691,3477
2013-09-04,3576,3332
2013-09-05,3597,3293
2013-09-06,3447,3162
2013-09-07,351,505
2013-09-08,369,321
2013-09-09,4394,3819
2013-09-10,4628,4124
2013-09-11,4590,4107
2013-09-12,4654,4053
2013-09-13,4538,4329
2013-09-14,1321,1882
2013-09-15,433,420
2013-09-16,4361,3693
2013-09-17,4506,3674
2013-09-18,4269,3745
2013-09-19,4289,3560
2013-09-20,4331,3632
2013-09-21,1304,1676
2013-09-22,388,464
2013-09-23,4225,3607
2013-09-24,4398,3699
2013-09-25,4282,3731
2013-09-26,4443,3759
2013-09-27,820,797
2013-09-28,112,742
2013-09-29,383,468
2013-09-30,458,718
2013-10-01,3503,2469
2013-10-02,3534,2748
2013-10-03,3525,2750
2013-10-04,937,3343
2013-10-05,75,821
2013-10-06,387,399
2013-10-07,4278,1190
2013-10-08,4454,3949
2013-10-09,4308,3866
2013-10-10,4196,3721
2013-10-11,3715,3406
2013-10-12,509,637
2013-10-13,761,664
2013-10-14,4206,3212
2013-10-15,4091,3467
2013-10-16,4214,3275
2013-10-17,4227,3607
2013-10-18,3659,2851
2013-10-19,1231,1496
2013-10-20,504,510
2013-10-21,4273,3574
2013-10-22,4270,3542
2013-10-23,4251,3644
2013-10-24,4266,3596
2013-10-25,4192,3585
2013-10-26,1117,1289
2013-10-27,384,457
2013-10-28,2197,1898
2013-10-29,4051,3449
2013-10-30,4347,3632
2013-10-31,4226,3512
2013-11-01,4145,3586
2013-11-02,660,788
2013-11-03,404,411
2013-11-04,4041,3150
2013-11-05,4408,3575
2013-11-06,4398,3612
2013-11-07,4214,3505
2013-11-08,4498,4037
2013-11-09,1338,1570
2013-11-10,581,544
2013-11-11,4387,3676
2013-11-12,4012,3758
2013-11-13,4609,3651
2013-11-14,4372,3668
2013-11-15,492,576
2013-11-16,480,542
2013-11-17,316,353
2013-11-18,4211,3483
2013-11-19,4279,3591
2013-11-20,578,599
2013-11-21,4381,3795
2013-11-22,4211,3684
2013-11-23,1018,1428
2013-11-24,1167,1218
2013-11-25,4192,3605
2013-11-26,4219,3560
2013-11-27,4259,3621
2013-11-28,4257,3430
2013-11-29,4411,3671
2013-11-30,1218,1433
2013-12-01,460,445
2013-12-02,3883,3415
2013-12-03,4185,3545
2013-12-04,4139,3522
2013-12-05,4184,3650
2013-12-06,3689,3281
2013-12-07,1079,1247
2013-12-08,462,486
2013-12-09,3864,3276
2013-12-10,3930,3176
2013-12-11,5344,4330
2013-12-12,5629,4489
2013-12-13,5345,4189
2013-12-14,974,1130
2013-12-15,414,393
2013-12-16,3334,2673
2013-12-17,3475,2749
2013-12-18,3226,2651
2013-12-19,3204,2593
2013-12-20,2897,2324
2013-12-21,670,545
2013-12-22,321,277
2013-12-23,1335,861
2013-12-24,382,394
2013-12-25,209,246
2013-12-26,1234,926
2013-12-27,1279,934
2013-12-28,430,372
2013-12-29,238,295
2013-12-30,787,755
2013-12-31,343,375
2014-01-01,240,271
2014-01-02,1552,1151
2014-01-03,1763,1222
2014-01-04,545,549
2014-01-05,611,501
2014-01-06,2908,2456
2014-01-07,3081,2531
2014-01-08,2817,2246
2014-01-09,2836,2463
2014-01-10,2978,2461
2014-01-11,740,778
2014-01-12,343,384
2014-01-13,3051,2626
2014-01-14,2975,2560
2014-01-15,2943,2522
2014-01-16,2977,2421
2014-01-17,2819,2429
2014-01-18,722,810
2014-01-19,643,611
2014-01-20,3008,2572
2014-01-21,3127,2536
2014-01-22,3165,2675
2014-01-23,3117,2655
2014-01-24,3108,2653
2014-01-25,586,575
2014-01-26,503,409
2014-01-27,3242,2787
2014-01-28,3235,2894
2014-01-29,3281,2999
2014-01-30,3175,2834
2014-01-31,3096,2852
2014-02-01,995,1254
2014-02-02,380,414
2014-02-03,3556,3164
2014-02-04,3484,2995
2014-02-05,3693,2824
2014-02-06,3583,3094
2014-02-07,3643,3055
2014-02-08,1031,1087
2014-02-09,421,571
2014-02-10,4231,3429
2014-02-11,4169,3386
2014-02-12,5296,4806
2014-02-13,4403,3468
2014-02-14,4061,3351
2014-02-15,1628,1662
2014-02-16,400,462
2014-02-17,4371,3685
2014-02-18,4179,3548
2014-02-19,4490,3678
2014-02-20,4489,3658
2014-02-21,4543,3793
2014-02-22,1387,1561
2014-02-23,417,441
2014-02-24,4367,3600
2014-02-25,4353,3590
2014-02-26,4487,3678
2014-02-27,4407,3614
2014-02-28,3898,3037
2014-03-01,767,747
2014-03-02,325,263
2014-03-03,603,613
2014-03-04,311,426
2014-03-05,1412,1127
2014-03-06,4104,3312
2014-03-07,3873,3187
2014-03-08,1204,1399
2014-03-09,422,392
2014-03-10,4741,3964
2014-03-11,4830,3798
2014-03-12,4894,3781
2014-03-13,4712,3795
2014-03-14,4661,3891
2014-03-15,1552,1741
2014-03-16,318,408
2014-03-17,4811,3752
2014-03-18,4861,3790
2014-03-19,4890,3927
2014-03-20,4882,3826
2014-03-21,4644,3752
2014-03-22,1227,1571
2014-03-23,420,379
2014-03-24,4473,3706
2014-03-25,4659,3808
2014-03-26,4592,3773
2014-03-27,4489,3710
2014-03-28,4605,3723
2014-03-29,1445,1923
2014-03-30,406,387
2014-03-31,4416,3699
2014-04-01,4604,3826
2014-04-02,4628,3876
2014-04-03,4589,3978
2014-04-04,4678,3655
2014-04-05,1559,1704
2014-04-06,423,432
2014-04-07,4570,3404
2014-04-08,4710,4039
2014-04-09,4835,3932
2014-04-10,4765,3776
2014-04-11,4445,3997
2014-04-12,1494,2085
2014-04-13,430,335
2014-04-14,4022,3200
2014-04-15,3808,3164
2014-04-16,3830,3153
2014-04-17,3348,2675
2014-04-18,403,395
2014-04-19,450,423
2014-04-20,267,295
2014-04-21,439,408
2014-04-22,4593,3619
2014-04-23,4655,3950
2014-04-24,4468,3712
2014-04-25,4450,3823
2014-04-26,1587,1735
2014-04-27,414,409
2014-04-28,4380,3546
2014-04-29,4538,3820
2014-04-30,4880,3896
2014-05-01,667,1018
2014-05-02,1535,1126
2014-05-03,668,680
2014-05-04,639,718
2014-05-05,4853,4004
2014-05-06,5008,3966
2014-05-07,5021,4015
2014-05-08,5147,4051
2014-05-09,4869,3842
2014-05-10,1419,1456
2014-05-11,336,329
2014-05-12,4612,3910
2014-05-13,4885,3971
2014-05-14,4678,3863
2014-05-15,4611,3865
2014-05-16,4683,3975
2014-05-17,1752,1877
2014-05-18,812,726
2014-05-19,4619,3697
2014-05-20,2997,2702
2014-05-21,,
2014-05-22,4101,2757
2014-05-23,4285,3478
2014-05-24,1318,1639
2014-05-25,368,566
2014-05-26,4413,3683
2014-05-27,4420,3490
2014-05-28,4534,3511
2014-05-29,4220,3587
2014-05-30,4518,3429
2014-05-31,182,116
2014-06-01,96,318
2014-06-02,4115,3262
2014-06-03,4347,3493
2014-06-04,4311,3307
2014-06-05,3052,2394
2014-06-06,3357,2899
2014-06-07,1809,1762
2014-06-08,427,429
2014-06-09,3511,2829
2014-06-10,4166,3452
2014-06-11,4350,3277
2014-06-12,683,923
2014-06-13,3492,2981
2014-06-14,1126,1305
2014-06-15,395,431
2014-06-16,3960,3385
2014-06-17,2131,1563
2014-06-18,3887,3021
2014-06-19,424,487
2014-06-20,1514,1029
2014-06-21,483,508
2014-06-22,316,255
2014-06-23,1712,1433
2014-06-24,3956,3040
2014-06-25,3882,3008
2014-06-26,3185,2284
2014-06-27,4115,3188
2014-06-28,583,847
2014-06-29,377,419
2014-06-30,3661,2941
2014-07-01,2908,2430
2014-07-02,3593,2959
2014-07-03,3732,3134
2014-07-04,1937,1527
2014-07-05,1072,983
2014-07-06,440,399
2014-07-07,3553,2799
2014-07-08,1884,1453
2014-07-09,420,417
2014-07-10,3202,2679
2014-07-11,975,278
2014-07-12,658,759
2014-07-13,357,381
2014-07-14,3175,2560
2014-07-15,3055,2501
2014-07-16,3012,2452
2014-07-17,2676,1974
2014-07-18,2878,2321
2014-07-19,961,988
2014-07-20,577,445
2014-07-21,3004,2556
2014-07-22,3032,2539
2014-07-23,2966,2196
2014-07-24,2906,2529
2014-07-25,2821,2509
2014-07-26,1024,984
2014-07-27,305,364
2014-07-28,3093,2689
2014-07-29,3166,2556
2014-07-30,2882,2752
2014-07-31,3254,2654
2014-08-01,3269,2744
2014-08-02,957,995
2014-08-03,324,371
2014-08-04,4092,3358
2014-08-05,4061,3269
2014-08-06,4103,3067
2014-08-07,3000,2380
2014-08-08,4038,3490
2014-08-09,1250,1366
2014-08-10,261,353
2014-08-11,4109,3312
2014-08-12,4106,3427
2014-08-13,4154,3414
2014-08-14,4215,3355
2014-08-15,3898,3245
2014-08-16,1266,1158
2014-08-17,316,498
2014-08-18,4150,3526
2014-08-19,4223,3445
2014-08-20,2355,1836
2014-08-21,3983,3062
2014-08-22,4386,3489
2014-08-23,1420,1426
2014-08-24,392,338
2014-08-25,4088,3185
2014-08-26,4241,3780
2014-08-27,4074,3357
2014-08-28,3917,3153
2014-08-29,3803,3093
2014-08-30,1053,1430
2014-08-31,279,420
2014-09-01,3712,3071
2014-09-02,4108,3262
2014-09-03,3892,3062
2014-09-04,4008,3110
2014-09-05,3801,3429
2014-09-06,1148,1446
2014-09-07,447,472
2014-09-08,3809,3323
2014-09-09,3927,3462
2014-09-10,3963,3239
2014-09-11,3496,3327
2014-09-12,3438,2823
2014-09-13,1015,1161
2014-09-14,392,454
2014-09-15,3995,3364
2014-09-16,4251,3518
2014-09-17,4227,3481
2014-09-18,4061,3345
2014-09-19,3798,3551
2014-09-20,1264,1494
2014-09-21,365,404
2014-09-22,4294,3702
2014-09-23,4335,3732
2014-09-24,4478,3663
2014-09-25,4407,3592
2014-09-26,4130,3278
2014-09-27,1165,1321
2014-09-28,430,510
2014-09-29,4260,3534
2014-09-30,4507,3840
2014-10-01,4391,3601
2014-10-02,4340,3562
2014-10-03,3956,3333
2014-10-04,973,1071
2014-10-05,291,282
2014-10-06,4287,3686
2014-10-07,4444,3615
2014-10-08,4453,3689
2014-10-09,4308,3546
2014-10-10,3870,3467
2014-10-11,1593,1681
2014-10-12,363,461
2014-10-13,4330,3467
2014-10-14,4400,3520
2014-10-15,4208,3286
2014-10-16,4103,3542
2014-10-17,4167,3456
2014-10-18,1176,1280
2014-10-19,1042,802
2014-10-20,4138,3376
2014-10-21,4353,3496
2014-10-22,4376,3539
2014-10-23,4315,3671
2014-10-24,4084,3363
2014-10-25,1082,1248
2014-10-26,258,312
2014-10-27,2049,1871
2014-10-28,2046,1649
2014-10-29,4429,3605
2014-10-30,4491,3560
2014-10-31,4379,3149
2014-11-01,1117,1224
2014-11-02,322,323
2014-11-03,4139,3411
2014-11-04,4455,3632
2014-11-05,4371,3664
2014-11-06,4563,3705
2014-11-07,4168,3381
2014-11-08,1292,1218
2014-11-09,646,586
2014-11-10,4273,3542
2014-11-11,4412,3872
2014-11-12,4504,3728
2014-11-13,4128,2552
2014-11-14,4122,3423
2014-11-15,672,558
2014-11-16,513,441
2014-11-17,4266,3299
2014-11-18,4334,3435
2014-11-19,4177,3586
2014-11-20,632,587
2014-11-21,1728,1371
2014-11-22,786,786
2014-11-23,462,402
2014-11-24,4026,3285
2014-11-25,4204,3269
2014-11-26,3796,3187
2014-11-27,4173,3260
2014-11-28,3830,3145
2014-11-29,1045,1278
2014-11-30,902,988
2014-12-01,3973,3422
2014-12-02,4190,3373
2014-12-03,4144,3190
2014-12-04,3902,3210
2014-12-05,3817,3229
2014-12-06,981,1150
2014-12-07,559,643
2014-12-08,3948,3017
2014-12-09,3895,2988
2014-12-10,5859,4507
2014-12-11,5592,4228
2014-12-12,5347,4071
2014-12-13,955,1007
2014-12-14,518,459
2014-12-15,3385,2785
2014-12-16,3418,2605
2014-12-17,3359,2631
2014-12-18,3377,2660
2014-12-19,2908,2291
2014-12-20,645,637
2014-12-21,310,319
2014-12-22,1479,1132
2014-12-23,471,508
2014-12-24,98,103
2014-12-25,111,116
2014-12-26,153,249
2014-12-27,72,62
2014-12-28,20,60
2014-12-29,618,565
2014-12-30,593,729
2014-12-31,193,222
2015-01-01,150,118
2015-01-02,450,525
2015-01-03,309,354
2015-01-04,540,661
2015-01-05,2829,2292
2015-01-06,2921,2309
2015-01-07,2589,2118
2015-01-08,2663,2243
2015-01-09,2783,2381
2015-01-10,530,576
2015-01-11,318,312
2015-01-12,2963,2434
2015-01-13,3024,2557
2015-01-14,2860,2355
2015-01-15,2990,2534
2015-01-16,2816,2529
2015-01-17,598,564
2015-01-18,561,489
2015-01-19,2959,2402
2015-01-20,3042,2485
2015-01-21,2944,2450
2015-01-22,2912,2439
2015-01-23,2843,2247
2015-01-24,440,756
2015-01-25,376,432
2015-01-26,3090,2598
2015-01-27,3144,2607
2015-01-28,3047,2511
2015-01-29,3011,2545
2015-01-30,2725,2188
2015-01-31,797,947
2015-02-01,383,404
2015-02-02,3169,2596
2015-02-03,3371,2699
2015-02-04,3474,2464
2015-02-05,3213,2698
2015-02-06,3323,2706
2015-02-07,927,1080
2015-02-08,379,295
2015-02-09,3553,2927
2015-02-10,3589,3014
2015-02-11,5521,4723
2015-02-12,3762,3382
2015-02-13,3157,2676
2015-02-14,1309,1388
2015-02-15,304,296
2015-02-16,563,646
2015-02-17,375,389
2015-02-18,1064,918
2015-02-19,2959,2606
2015-02-20,3177,2564
2015-02-21,806,961
2015-02-22,446,488
2015-02-23,4650,4054
2015-02-24,4146,3596
2015-02-25,4038,3582
2015-02-26,4207,3457
2015-02-27,4151,3297
2015-02-28,1052,1109
2015-03-01,336,381
2015-03-02,4274,3796
2015-03-03,4359,3686
2015-03-04,4440,3476
2015-03-05,4401,3613
2015-03-06,4082,3397
2015-03-07,1175,1266
2015-03-08,337,352
2015-03-09,4471,3740
2015-03-10,4579,3573
2015-03-11,4589,3789
2015-03-12,4268,3661
2015-03-13,4239,3386
2015-03-14,1329,1507
2015-03-15,535,420
2015-03-16,4490,3794
2015-03-17,4668,3759
2015-03-18,4690,3928
2015-03-19,4582,3805
2015-03-20,4480,3556
2015-03-21,1384,1603
2015-03-22,375,331
2015-03-23,4251,3706
2015-03-24,4421,3545
2015-03-25,4475,3518
2015-03-26,4388,3584
2015-03-27,4040,3402
2015-03-28,1388,1404
2015-03-29,641,609
2015-03-30,3708,3007
2015-03-31,4286,2660
2015-04-01,3870,2952
2015-04-02,3137,2582
2015-04-03,367,399
2015-04-04,492,581
2015-04-05,334,283
2015-04-06,4315,3421
2015-04-07,4210,3443
2015-04-08,4070,3444
2015-04-09,4148,3418
2015-04-10,4365,3461
2015-04-11,1417,1621
2015-04-12,418,413
2015-04-13,4331,3732
2015-04-14,4586,3747
2015-04-15,4017,3525
2015-04-16,4268,3763
2015-04-17,4289,3563
2015-04-18,887,1042
2015-04-19,371,332
2015-04-20,1022,822
2015-04-21,495,488
2015-04-22,4266,3597
2015-04-23,4428,3819
2015-04-24,4542,3784
2015-04-25,1718,1963
2015-04-26,472,341
2015-04-27,4506,3783
2015-04-28,4615,3825
2015-04-29,4430,3971
2015-04-30,4022,3379
2015-05-01,502,343
2015-05-02,402,648
2015-05-03,502,244
2015-05-04,4208,3506
2015-05-05,4272,3632
2015-05-06,4363,3611
2015-05-07,4301,3714
2015-05-08,4287,3598
2015-05-09,1461,1496
2015-05-10,329,331
2015-05-11,4580,3400
2015-05-12,4828,4031
2015-05-13,4366,3838
2015-05-14,4050,3466
2015-05-15,4664,3777
2015-05-16,1599,1938
2015-05-17,536,436
2015-05-18,4337,3534
2015-05-19,4346,3652
2015-05-20,4464,3688
2015-05-21,4400,3640
2015-05-22,4609,3439
2015-05-23,1552,1879
2015-05-24,529,550
2015-05-25,4342,3732
2015-05-26,4527,3669
2015-05-27,4273,3557
2015-05-28,4299,3578
2015-05-29,3705,2871
2015-05-30,1595,1660
2015-05-31,455,480
2015-06-01,4206,3525
2015-06-02,4290,3547
2015-06-03,4199,3406
2015-06-04,555,541
2015-06-05,1148,891
2015-06-06,630,674
2015-06-07,378,382
2015-06-08,4318,3607
2015-06-09,4567,3657
2015-06-10,4519,3760
2015-06-11,4479,3726
2015-06-12,4370,3512
2015-06-13,1287,1342
2015-06-14,472,459
2015-06-15,4197,3437
2015-06-16,4392,3658
2015-06-17,4252,3518
2015-06-18,4417,3623
2015-06-19,4195,3339
2015-06-20,1509,1600
2015-06-21,474,571
2015-06-22,4351,3276
2015-06-23,4182,3458
2015-06-24,4182,3386
2015-06-25,4171,3537
2015-06-26,4335,3222
2015-06-27,1406,1482
2015-06-28,464,509
2015-06-29,3884,3226
2015-06-30,3882,3116
2015-07-01,3807,3040
2015-07-02,3693,3084
2015-07-03,3682,2860
2015-07-04,1201,1389
2015-07-05,391,434
2015-07-06,3498,2703
2015-07-07,2870,2526
2015-07-08,3327,2598
2015-07-09,507,587
2015-07-10,1260,826
2015-07-11,644,680
2015-07-12,482,454
2015-07-13,2967,2506
2015-07-14,3043,2379
2015-07-15,3335,2505
2015-07-16,2987,2332
2015-07-17,2932,2289
2015-07-18,877,1093
2015-07-19,353,352
2015-07-20,2972,2331
2015-07-21,3007,2260
2015-07-22,2881,2360
2015-07-23,2910,2403
2015-07-24,2908,2165
2015-07-25,703,1061
2015-07-26,445,282
2015-07-27,3026,2443
2015-07-28,3099,2471
2015-07-29,3103,2687
2015-07-30,3384,2684
2015-07-31,3380,2637
2015-08-01,975,1199
2015-08-02,541,482
2015-08-03,4324,3553
2015-08-04,4390,3609
2015-08-05,4333,3514
2015-08-06,4426,3675
2015-08-07,4372,3388
2015-08-08,1242,1254
2015-08-09,402,391
2015-08-10,4716,4014
2015-08-11,4872,3922
2015-08-12,4969,3984
2015-08-13,4884,3987
2015-08-14,4291,3402
2015-08-15,1724,1680
2015-08-16,458,394
2015-08-17,4621,3784
2015-08-18,5016,3871
2015-08-19,4782,3777
2015-08-20,4882,3948
2015-08-21,4293,3338
2015-08-22,1352,1382
2015-08-23,526,690
2015-08-24,4490,3824
2015-08-25,4642,3615
2015-08-26,4705,3881
2015-08-27,4203,3676
2015-08-28,4283,3237
2015-08-29,1335,1498
2015-08-30,481,601
2015-08-31,4419,3618
2015-09-01,4640,3836
2015-09-02,4499,3912
2015-09-03,4621,3772
2015-09-04,4069,3252
2015-09-05,1037,1033
2015-09-06,353,336
2015-09-07,399,394
2015-09-08,3481,2733
2015-09-09,3660,3047
2015-09-10,3673,3023
2015-09-11,3436,2580
2015-09-12,1154,1094
2015-09-13,501,491
2015-09-14,4365,3892
2015-09-15,4744,4040
2015-09-16,4504,3935
2015-09-17,4717,3830
2015-09-18,4423,3666
2015-09-19,1393,1530
2015-09-20,509,467
2015-09-21,4331,3959
2015-09-22,4781,3920
2015-09-23,4632,3898
2015-09-24,4760,3878
2015-09-25,4168,3493
2015-09-26,1448,1432
2015-09-27,641,616
2015-09-28,4583,3989
2015-09-29,4666,4092
2015-09-30,4692,4022
2015-10-01,4544,3836
2015-10-02,4653,3533
2015-10-03,1492,1687
2015-10-04,573,538
2015-10-05,4641,3907
2015-10-06,4693,3906
2015-10-07,4626,3844
2015-10-08,4774,3876
2015-10-09,4262,3499
2015-10-10,1174,1074
2015-10-11,431,408
2015-10-12,462,441
2015-10-13,4511,3651
2015-10-14,4540,3931
2015-10-15,4269,3368
2015-10-16,4192,3392
2015-10-17,1717,1876
2015-10-18,1026,917
2015-10-19,4604,3864
2015-10-20,4709,3778
2015-10-21,4532,3759
2015-10-22,4607,3660
2015-10-23,4413,3694
2015-10-24,1302,1312
2015-10-25,479,722
2015-10-26,4255,3773
2015-10-27,4617,3881
2015-10-28,4014,3471
2015-10-29,4665,3965
2015-10-30,1980,1574
2015-10-31,806,780
2015-11-01,393,347
2015-11-02,389,478
2015-11-03,4122,3860
2015-11-04,4733,3969
2015-11-05,4876,4031
2015-11-06,4657,3599
2015-11-07,1473,1469
2015-11-08,670,609
2015-11-09,4560,3825
2015-11-10,4804,3880
2015-11-11,4743,3916
2015-11-12,4813,3945
2015-11-13,4487,3600
2015-11-14,1200,1678
2015-11-15,462,474
2015-11-16,4429,3694
2015-11-17,4489,3797
2015-11-18,4481,3856
2015-11-19,4612,3901
2015-11-20,653,716
2015-11-21,748,707
2015-11-22,477,524
2015-11-23,4318,3660
2015-11-24,4389,3809
2015-11-25,4252,3612
2015-11-26,4717,3869
2015-11-27,4319,3564
2015-11-28,1178,1203
2015-11-29,1141,1151
2015-11-30,3982,3513
2015-12-01,4339,3463
2015-12-02,4317,3378
2015-12-03,4230,3505
2015-12-04,4189,3490
2015-12-05,1290,1181
2015-12-06,515,628
2015-12-07,3862,3324
2015-12-08,3716,3145
2015-12-09,4784,4781
2015-12-10,5280,3659
2015-12-11,5146,3707
2015-12-12,1015,866
2015-12-13,445,635
2015-12-14,3309,2763
2015-12-15,3144,2517
2015-12-16,3079,2519
2015-12-17,2966,2355
2015-12-18,2738,2162
2015-12-19,605,674
2015-12-20,402,373
2015-12-21,1953,1646
2015-12-22,1798,1663
2015-12-23,1419,1231
2015-12-24,347,360
2015-12-25,222,223
2015-12-26,346,292
2015-12-27,273,290
2015-12-28,961,726
2015-12-29,967,705
2015-12-30,788,606
2015-12-31,344,303
2016-01-01,195,210
2016-01-02,311,325
2016-01-03,297,289
2016-01-04,2020,1706
2016-01-05,2002,1906
2016-01-06,2088,1885
2016-01-07,2177,1840
2016-01-08,2096,1794
2016-01-09,459,514
2016-01-10,749,615
2016-01-11,2815,2476
2016-01-12,3050,2639
2016-01-13,2532,2270
2016-01-14,2707,2355
2016-01-15,2735,2316
2016-01-16,609,663
2016-01-17,328,353
2016-01-18,2649,2253
2016-01-19,2694,2436
2016-01-20,2586,2350
2016-01-21,2645,2479
2016-01-22,2927,2484
2016-01-23,686,758
2016-01-24,697,623
2016-01-25,455,503
2016-01-26,2844,2494
2016-01-27,2614,2447
2016-01-28,2882,2335
2016-01-29,2609,2280
2016-01-30,852,852
2016-01-31,380,395
2016-02-01,3198,2682
2016-02-02,3186,2562
2016-02-03,3224,2595
2016-02-04,3188,2772
2016-02-05,3138,2498
2016-02-06,807,813
2016-02-07,360,346
2016-02-08,593,649
2016-02-09,476,469
2016-02-10,1191,978
2016-02-11,4955,3931
2016-02-12,3464,2883
2016-02-13,1033,1137
2016-02-14,403,442
2016-02-15,5298,4265
2016-02-16,5492,4372
2016-02-17,5484,4128
2016-02-18,4799,3879
2016-02-19,4345,3613
2016-02-20,1173,1155
2016-02-21,516,441
2016-02-22,5248,4502
2016-02-23,5215,4386
2016-02-24,4523,3801
2016-02-25,4407,3790
2016-02-26,4005,3553
2016-02-27,1083,1046
2016-02-28,495,440
2016-02-29,4355,3923
2016-03-01,4971,3596
2016-03-02,4547,3963
2016-03-03,4619,3755
2016-03-04,4447,3886
2016-03-05,1276,1319
2016-03-06,520,510
2016-03-07,4350,4394
2016-03-08,4631,4358
2016-03-09,4590,4327
2016-03-10,4296,4071
2016-03-11,4097,3634
2016-03-12,1307,1470
2016-03-13,409,453
2016-03-14,4355,4270
2016-03-15,4697,4483
2016-03-16,4759,4543
2016-03-17,4764,4601
2016-03-18,4497,4162
2016-03-19,1631,1661
2016-03-20,892,856
2016-03-21,3472,3148
2016-03-22,3554,3268
2016-03-23,3433,3146
2016-03-24,3022,2675
2016-03-25,470,395
2016-03-26,529,562
2016-03-27,392,307
2016-03-28,4449,3833
2016-03-29,4529,4297
2016-03-30,4787,4011
2016-03-31,4138,3149
2016-04-01,4736,3641
2016-04-02,1528,1578
2016-04-03,576,487
2016-04-04,4699,3759
2016-04-05,4911,4019
2016-04-06,4733,3803
2016-04-07,4706,3896
2016-04-08,4643,3790
2016-04-09,1549,1499
2016-04-10,500,472
2016-04-11,4444,3987
2016-04-12,4615,4059
2016-04-13,4550,4001
2016-04-14,4602,4060
2016-04-15,4906,4169
2016-04-16,2088,2237
2016-04-17,497,450
2016-04-18,4568,4015
2016-04-19,4642,4272
2016-04-20,4767,3993
2016-04-21,600,594
2016-04-22,1056,969
2016-04-23,619,782
2016-04-24,398,385
2016-04-25,4428,3828
2016-04-26,4249,3990
2016-04-27,4369,3988
2016-04-28,4514,3877
2016-04-29,4528,3809
2016-04-30,1627,1773
2016-05-01,723,764
2016-05-02,4855,4230
2016-05-03,4921,4387
2016-05-04,4887,4432
2016-05-05,4280,3602
2016-05-06,4858,3902
2016-05-07,1031,1513
2016-05-08,374,387
2016-05-09,4647,4343
2016-05-10,4982,4455
2016-05-11,4852,4244
2016-05-12,4441,3728
2016-05-13,4441,3454
2016-05-14,1366,1612
2016-05-15,819,675
2016-05-16,4403,3784
2016-05-17,4848,4000
2016-05-18,4463,3910
2016-05-19,4537,3835
2016-05-20,4406,3562
2016-05-21,1486,1479
2016-05-22,622,571
2016-05-23,4401,3685
2016-05-24,4354,3709
2016-05-25,4381,3563
2016-05-26,493,661
2016-05-27,1095,840
2016-05-28,728,783
2016-05-29,408,432
2016-05-30,3951,3484
2016-05-31,4241,3560
2016-06-01,4098,3518
2016-06-02,3994,3714
2016-06-03,3791,3260
2016-06-04,1548,1459
2016-06-05,515,521
2016-06-06,3942,3377
2016-06-07,3848,3376
2016-06-08,4106,3566
2016-06-09,2870,2431
2016-06-10,3884,3243
2016-06-11,1182,1279
2016-06-12,490,463
2016-06-13,3891,3417
2016-06-14,4043,3375
2016-06-15,4037,3372
2016-06-16,4299,3444
2016-06-17,4499,3590
2016-06-18,1656,1880
2016-06-19,624,521
2016-06-20,4089,3427
2016-06-21,4105,3418
2016-06-22,4090,3449
2016-06-23,4070,3435
2016-06-24,4116,3740
2016-06-25,1433,1501
2016-06-26,585,522
2016-06-27,3921,3275
2016-06-28,4015,3357
2016-06-29,4029,3340
2016-06-30,3990,3112
2016-07-01,3618,3059
2016-07-02,1381,1279
2016-07-03,664,545
2016-07-04,3340,2849
2016-07-05,3365,2955
2016-07-06,3244,2686
2016-07-07,3202,2716
2016-07-08,3089,2464
2016-07-09,620,653
2016-07-10,390,422
2016-07-11,2986,2710
2016-07-12,2834,2841
2016-07-13,2946,2646
2016-07-14,2894,2593
2016-07-15,2764,2336
2016-07-16,751,955
2016-07-17,632,542
2016-07-18,2885,2547
2016-07-19,3105,2732
2016-07-20,3034,2619
2016-07-21,3168,2583
2016-07-22,2804,2225
2016-07-23,949,896
2016-07-24,368,434
2016-07-25,3058,2598
2016-07-26,3217,2756
2016-07-27,3320,2729
2016-07-28,3279,2657
2016-07-29,3083,2463
2016-07-30,946,1068
2016-07-31,353,415
2016-08-01,4615,3811
2016-08-02,4501,4053
2016-08-03,4670,3467
2016-08-04,4119,4024
2016-08-05,4457,3836
2016-08-06,1283,1242
2016-08-07,796,698
2016-08-08,4903,4273
2016-08-09,5339,4295
2016-08-10,4819,4201
2016-08-11,4814,4273
2016-08-12,4514,3645
2016-08-13,1540,1381
2016-08-14,410,382
2016-08-15,4617,4037
2016-08-16,5096,4132
2016-08-17,5463,4262
2016-08-18,4864,4006
2016-08-19,4596,3835
2016-08-20,1447,1468
2016-08-21,507,516
2016-08-22,4847,4161
2016-08-23,5176,4245
2016-08-24,4842,4236
2016-08-25,4940,4215
2016-08-26,4590,3971
2016-08-27,1447,1589
2016-08-28,496,464
2016-08-29,4660,4015
2016-08-30,4622,4052
2016-08-31,3959,3497
2016-09-01,4638,4527
2016-09-02,2464,2244
2016-09-03,945,998
2016-09-04,263,209
2016-09-05,4651,3564
2016-09-06,4405,3407
2016-09-07,1414,713
2016-09-08,4982,3437
2016-09-09,4255,3113
2016-09-10,1363,1256
2016-09-11,1219,865
2016-09-12,4846,4195
2016-09-13,4948,4279
2016-09-14,4747,4129
2016-09-15,4768,4210
2016-09-16,4765,3793
2016-09-17,1787,1689
2016-09-18,631,556
2016-09-19,4679,3977
2016-09-20,4960,4195
2016-09-21,4821,4260
2016-09-22,4878,4034
2016-09-23,4324,3815
2016-09-24,1282,1087
2016-09-25,878,600
2016-09-26,4737,3891
2016-09-27,4781,4123
2016-09-28,4605,4183
2016-09-29,4664,4029
2016-09-30,4585,3840
2016-10-01,1466,1272
2016-10-02,451,328
2016-10-03,4542,3878
2016-10-04,4849,4067
2016-10-05,4983,4239
2016-10-06,4971,4217
2016-10-07,4885,3828
2016-10-08,1483,1528
2016-10-09,1159,836
2016-10-10,4612,3930
2016-10-11,4973,4122
2016-10-12,577,579
2016-10-13,4778,4128
2016-10-14,4435,3720
2016-10-15,1308,1458
2016-10-16,537,496
2016-10-17,4956,4103
2016-10-18,5011,4192
2016-10-19,5068,4305
2016-10-20,4727,4325
2016-10-21,5079,3981
2016-10-22,1353,1270
2016-10-23,667,453
2016-10-24,4677,3966
2016-10-25,4680,4092
2016-10-26,4828,4059
2016-10-27,4761,4008
2016-10-28,1992,1440
2016-10-29,880,1002
2016-10-30,512,447
2016-10-31,4696,3877
2016-11-01,5108,4051
2016-11-02,661,503
2016-11-03,4609,3989
2016-11-04,4651,3680
2016-11-05,1452,735
2016-11-06,522,495
2016-11-07,4736,3940
2016-11-08,5182,4216
2016-11-09,4820,4021
2016-11-10,5208,4187
2016-11-11,4615,3776
2016-11-12,1057,956
2016-11-13,529,414
2016-11-14,1079,831
2016-11-15,482,460
2016-11-16,4616,3887
2016-11-17,4649,3916
2016-11-18,4384,3775
2016-11-19,1188,1214
2016-11-20,454,474
2016-11-21,4847,4054
2016-11-22,5807,4647
2016-11-23,5738,4550
2016-11-24,5946,4513
2016-11-25,5850,4415
2016-11-26,1338,1262
2016-11-27,1132,1014
2016-11-28,4707,3938
2016-11-29,4669,3764
2016-11-30,4585,3877
2016-12-01,4115,4388
2016-12-02,4468,3475
2016-12-03,1229,1187
2016-12-04,543,462
2016-12-05,4464,3718
2016-12-06,4599,3696
2016-12-07,4308,3465
2016-12-08,4184,3503
2016-12-09,4099,3281
2016-12-10,1077,1016
2016-12-11,522,406
2016-12-12,3525,2890
2016-12-13,3884,3107
2016-12-14,3618,2924
2016-12-15,3447,2764
2016-12-16,3240,2526
2016-12-17,791,751
2016-12-18,439,351
2016-12-19,2797,2239
2016-12-20,2816,2225
2016-12-21,2625,2031
2016-12-22,2263,1633
2016-12-23,1364,1039
2016-12-24,293,211
2016-12-25,218,195
2016-12-26,952,657
2016-12-27,1032,711
2016-12-28,992,701
2016-12-29,963,653
2016-12-30,737,448
2016-12-31,249,242
2017-01-01,206,219
2017-01-02,1361,1043
2017-01-03,1843,1311
2017-01-04,1873,1416
2017-01-05,1968,1502
2017-01-06,1899,1360
2017-01-07,453,448
2017-01-08,568,444
2017-01-09,2531,2161
2017-01-10,2272,2448
2017-01-11,2418,1925
2017-01-12,2334,1909
2017-01-13,2302,1844
2017-01-14,469,502
2017-01-15,354,309
2017-01-16,2609,1970
2017-01-17,2547,2310
2017-01-18,2639,2180
2017-01-19,2683,2426
2017-01-20,2500,2308
2017-01-21,720,683
2017-01-22,318,307
2017-01-23,2607,2226
2017-01-24,2515,2191
2017-01-25,473,541
2017-01-26,2558,2265
2017-01-27,2589,2193
2017-01-28,694,621
2017-01-29,710,567
2017-01-30,2896,2411
2017-01-31,2854,2415
2017-02-01,2936,2331
2017-02-02,3085,2581
2017-02-03,3451,2918
2017-02-04,916,928
2017-02-05,441,397
2017-02-06,3317,2812
2017-02-07,3137,2664
2017-02-08,3164,2765
2017-02-09,3288,2729
2017-02-10,3293,2530
2017-02-11,1164,1090
2017-02-12,466,551
2017-02-13,5100,4252
2017-02-14,3824,3234
2017-02-15,3598,2973
2017-02-16,3860,3043
2017-02-17,3758,3007
2017-02-18,1172,1052
2017-02-19,489,391
2017-02-20,3899,3070
2017-02-21,4002,3352
2017-02-22,3679,3029
2017-02-23,3745,2996
2017-02-24,3280,2628
2017-02-25,685,507
2017-02-26,414,277
2017-02-27,591,586
2017-02-28,486,394
2017-03-01,1334,1029
2017-03-02,3423,2867
2017-03-03,3270,2634
2017-03-04,1135,918
2017-03-05,556,512
2017-03-06,4998,4222
2017-03-07,5015,4478
2017-03-08,5094,4414
2017-03-09,5028,4230
2017-03-10,4680,4032
2017-03-11,1630,1410
2017-03-12,481,448
2017-03-13,5100,4252
2017-03-14,5223,4391
2017-03-15,1788,1279
2017-03-16,5089,4396
2017-03-17,4731,4000
2017-03-18,1519,1512
2017-03-19,430,396
2017-03-20,4787,4347
2017-03-21,5401,4761
2017-03-22,5317,4982
2017-03-23,5161,4544
2017-03-24,4303,4063
2017-03-25,1599,1515
2017-03-26,607,502
2017-03-27,4727,4225
2017-03-28,4771,4230
2017-03-29,5000,4181
2017-03-30,5083,4216
2017-03-31,4844,3907
2017-04-01,1492,1398
2017-04-02,468,407
2017-04-03,5060,4121
2017-04-04,5287,4620
2017-04-05,5139,4359
2017-04-06,4464,4059
2017-04-07,4668,4059
2017-04-08,1543,1673
2017-04-09,536,487
2017-04-10,3730,3174
2017-04-11,4085,3159
2017-04-12,3804,3097
2017-04-13,3381,2746
2017-04-14,408,394
2017-04-15,564,596
2017-04-16,336,343
2017-04-17,4735,4241
2017-04-18,5004,4017
2017-04-19,5003,4288
2017-04-20,5355,4401
2017-04-21,733,746
2017-04-22,1211,1040
2017-04-23,424,342
2017-04-24,4736,4194
2017-04-25,4788,4341
2017-04-26,4290,4138
2017-04-27,4523,4244
2017-04-28,12,3
2017-04-29,1582,1852
2017-04-30,434,346
2017-05-01,531,469
2017-05-02,4876,4191
2017-05-03,5038,4189
2017-05-04,5045,4221
2017-05-05,4498,3950
2017-05-06,1488,1651
2017-05-07,1012,1080
2017-05-08,5093,4446
2017-05-09,5662,4733
2017-05-10,5244,4542
2017-05-11,5243,4493
2017-05-12,5180,4163
2017-05-13,1603,1739
2017-05-14,373,355
2017-05-15,4897,4229
2017-05-16,4654,4317
2017-05-17,4959,4518
2017-05-18,4973,4113
2017-05-19,4141,3507
2017-05-20,1471,1842
2017-05-21,579,555
2017-05-22,4617,3992
2017-05-23,4858,4437
2017-05-24,4740,4026
2017-05-25,5053,4141
2017-05-26,4694,4071
2017-05-27,1360,1598
2017-05-28,540,586
2017-05-29,4601,3806
2017-05-30,4928,4139
2017-05-31,4885,4203
2017-06-01,4586,4279
2017-06-02,4588,3901
2017-06-03,62,66
2017-06-04,73,24
2017-06-05,272,186
2017-06-06,4214,3813
2017-06-07,2275,2217
2017-06-08,4637,4259
2017-06-09,4663,4304
2017-06-10,1586,1701
2017-06-11,490,503
2017-06-12,4317,4102
2017-06-13,4272,4141
2017-06-14,4720,3968
2017-06-15,651,648
2017-06-16,1159,900
2017-06-17,726,666
2017-06-18,414,412
2017-06-19,4607,4081
2017-06-20,4644,4389
2017-06-21,4553,4211
2017-06-22,4776,4178
2017-06-23,5005,4177
2017-06-24,1708,1781
2017-06-25,527,488
2017-06-26,4205,3791
2017-06-27,4391,3877
2017-06-28,4632,4046
2017-06-29,4794,3984
2017-06-30,2585,2164
2017-07-01,1406,1149
2017-07-02,756,601
2017-07-03,4123,3569
2017-07-04,4088,3471
2017-07-05,4060,3355
2017-07-06,3915,3340
2017-07-07,3823,3159
2017-07-08,1018,908
2017-07-09,400,408
2017-07-10,3389,2912
2017-07-11,3270,2914
2017-07-12,3128,2621
2017-07-13,2861,2676
2017-07-14,3064,2460
2017-07-15,900,781
2017-07-16,359,392
2017-07-17,3175,2583
2017-07-18,2732,2353
2017-07-19,2692,2261
2017-07-20,2503,2230
2017-07-21,2417,2117
2017-07-22,786,964
2017-07-23,325,376
2017-07-24,2704,2784
2017-07-25,2413,2782
2017-07-26,2666,2675
2017-07-27,2815,2748
2017-07-28,2648,2596
2017-07-29,748,731
2017-07-30,359,346
2017-07-31,2820,2729
2017-08-01,3652,3754
2017-08-02,3803,3753
2017-08-03,3938,3821
2017-08-04,4005,3851
2017-08-05,1242,1560
2017-08-06,308,335
2017-08-07,4128,3833
2017-08-08,4290,4096
2017-08-09,4382,4520
2017-08-10,4446,4377
2017-08-11,4065,3899
2017-08-12,1377,1706
2017-08-13,348,309
2017-08-14,4144,3888
2017-08-15,4205,4142
2017-08-16,4291,3950
2017-08-17,4030,4038
2017-08-18,3884,3669
2017-08-19,1306,1506
2017-08-20,411,437
2017-08-21,3993,3789
2017-08-22,4281,3964
2017-08-23,4530,3809
2017-08-24,4226,4025
2017-08-25,3968,3691
2017-08-26,1467,1596
2017-08-27,361,360
2017-08-28,4071,3796
2017-08-29,4231,3973
2017-08-30,4178,3774
2017-08-31,3977,3947
2017-09-01,4058,3843
2017-09-02,1240,1426
2017-09-03,830,1167
2017-09-04,3123,3062
2017-09-05,3643,3221
2017-09-06,3303,2953
2017-09-07,494,504
2017-09-08,1163,942
2017-09-09,585,670
2017-09-10,326,352
2017-09-11,4267,3903
2017-09-12,4576,4182
2017-09-13,4447,4078
2017-09-14,4364,3929
2017-09-15,3894,3780
2017-09-16,1308,1608
2017-09-17,570,562
2017-09-18,3924,3756
2017-09-19,4431,4163
2017-09-20,4319,3869
2017-09-21,4428,3972
2017-09-22,4056,3643
2017-09-23,1392,1572
2017-09-24,372,511
2017-09-25,4128,3745
2017-09-26,4296,3863
2017-09-27,4126,3772
2017-09-28,4206,3598
2017-09-29,3899,3545
2017-09-30,1253,1348
2017-10-01,438,474
2017-10-02,3757,3597
2017-10-03,4234,3981
2017-10-04,4160,3993
2017-10-05,4316,4041
2017-10-06,4077,3579
2017-10-07,1240,1393
2017-10-08,826,734
2017-10-09,4111,3726
2017-10-10,4551,4030
2017-10-11,4595,3822
2017-10-12,685,707
2017-10-13,1000,816
2017-10-14,535,573
2017-10-15,314,342
2017-10-16,4006,3631
2017-10-17,4174,3876
2017-10-18,4163,3717
2017-10-19,4312,3803
2017-10-20,4331,3957
2017-10-21,1196,1495
2017-10-22,394,474
2017-10-23,4011,3496
2017-10-24,4330,3917
2017-10-25,4268,3843
2017-10-26,3957,3727
2017-10-27,3983,3591
2017-10-28,1002,978
2017-10-29,459,523
2017-10-30,3805,3494
2017-10-31,4103,3810
2017-11-01,4133,3410
2017-11-02,446,489
2017-11-03,1188,978
2017-11-04,587,560
2017-11-05,452,457
2017-11-06,3562,53
2017-11-07,4273,4042
2017-11-08,4512,3964
2017-11-09,4448,4000
2017-11-10,4242,3811
2017-11-11,1253,1355
2017-11-12,545,516
2017-11-13,3983,3652
2017-11-14,4279,3880
2017-11-15,551,454
2017-11-16,4001,3519
2017-11-17,3920,3402
2017-11-18,1238,1251
2017-11-19,414,431
2017-11-20,513,505
2017-11-21,28,3766
2017-11-22,4203,3752
2017-11-23,4054,3585
2017-11-24,3913,3435
2017-11-25,1106,1144
2017-11-26,1246,1240
2017-11-27,3675,3308
2017-11-28,4892,4408
2017-11-29,5001,4238
2017-11-30,4957,4700
2017-12-01,5042,4660
2017-12-02,987,1066
2017-12-03,405,423
2017-12-04,3628,3323
2017-12-05,94,3408
2017-12-06,3930,3327
2017-12-07,3813,3257
2017-12-08,3711,3282
2017-12-09,1158,1024
2017-12-10,362,492
2017-12-11,3272,3053
2017-12-12,3245,2786
2017-12-13,3217,2632
2017-12-14,3188,2768
2017-12-15,3260,2604
2017-12-16,768,699
2017-12-17,330,310
2017-12-18,2311,2053
2017-12-19,2354,2040
2017-12-20,2398,1927
2017-12-21,2074,1866
2017-12-22,1667,1416
2017-12-23,400,325
2017-12-24,182,166
2017-12-25,153,173
2017-12-26,757,644
2017-12-27,831,755
2017-12-28,690,647
2017-12-29,665,527
2017-12-30,278,328
2017-12-31,140,195
2018-01-01,193,134
2018-01-02,1130,927
2018-01-03,1424,1225
2018-01-04,1759,1506
2018-01-05,1742,1444
2018-01-06,394,468
2018-01-07,386,392
2018-01-08,2218,1929
2018-01-09,2265,1959
2018-01-10,2174,1742
2018-01-11,1993,1752
2018-01-12,2068,1726
2018-01-13,487,430
2018-01-14,259,252
2018-01-15,2237,2186
2018-01-16,2269,2079
2018-01-17,2336,2248
2018-01-18,66,1564
2018-01-19,128,1874
2018-01-20,499,6
2018-01-21,337,394
2018-01-22,2187,2125
2018-01-23,2174,1971
2018-01-24,2209,1978
2018-01-25,473,541
2018-01-26,2558,2265
2018-01-27,2589,2193
2018-01-28,694,621
2018-01-29,710,567
2018-01-30,2896,2411
2018-01-31,2854,2415
2018-02-01,2623,2592
2018-02-02,2902,2464
2018-02-03,969,943
2018-02-04,316,306
2018-02-05,2893,2807
2018-02-06,2812,2490
2018-02-07,2848,2569
2018-02-08,2714,2549
2018-02-09,2525,2235
2018-02-10,449,443
2018-02-11,296,294
2018-02-12,526,495
2018-02-13,338,389
2018-02-14,1082,952
2018-02-15,4134,3967
2018-02-16,2788,2496
2018-02-17,996,934
2018-02-18,315,393
2018-02-19,3249,3202
2018-02-20,1957,1819
2018-02-21,3,2
2018-02-22,3144,3050
2018-02-23,3416,3248
2018-02-24,1021,1089
2018-02-25,456,404
2018-02-26,3864,4048
2018-02-27,3808,3840
2018-02-28,3771,3715
2018-03-01,3834,3438
2018-03-02,3825,3573
2018-03-03,1235,1553
2018-03-04,411,390
2018-03-05,4115,4236
2018-03-06,3428,3965
2018-03-07,3876,3624
2018-03-08,3703,3724
2018-03-09,3972,3657
2018-03-10,1279,1595
2018-03-11,380,381
2018-03-12,4244,3925
2018-03-13,4422,4005
2018-03-14,4415,4122
2018-03-15,4355,4201
2018-03-16,3752,3485
2018-03-17,1308,1473
2018-03-18,427,463
2018-03-19,4050,3596
2018-03-20,4145,3832
2018-03-21,4439,4143
2018-03-22,4207,3846
2018-03-23,3959,3571
2018-03-24,1273,1564
2018-03-25,499,477
2018-03-26,3117,3020
2018-03-27,3322,3181
2018-03-28,3243,3009
2018-03-29,2669,2578
2018-03-30,367,394
2018-03-31,398,533
2018-04-01,316,286
2018-04-02,3888,3440
2018-04-03,3982,3732
2018-04-04,3815,3604
2018-04-05,3781,3766
2018-04-06,3335,209
2018-04-07,1395,227
2018-04-08,393,420
2018-04-09,3521,3580
2018-04-10,3905,3628
2018-04-11,4130,3756
2018-04-12,3827,3739
2018-04-13,3820,3643
2018-04-14,1520,1810
2018-04-15,405,415
2018-04-16,3776,3410
2018-04-17,224,3822
2018-04-18,3952,3780
2018-04-19,3962,3694
2018-04-20,3934,3549
2018-04-21,852,799
2018-04-22,430,431
2018-04-23,3802,3509
2018-04-24,3975,3714
2018-04-25,3921,3676
2018-04-26,3852,3601
2018-04-27,3759,3438
2018-04-28,1333,1610
2018-04-29,351,402
2018-04-30,605,598
2018-05-01,396,363
2018-05-02,3816,3622
2018-05-03,3740,3625
2018-05-04,3773,3494
2018-05-05,1279,1422
2018-05-06,483,567
2018-05-07,3522,3596
2018-05-08,3966,3823
2018-05-09,4215,3792
2018-05-10,3957,3690
2018-05-11,3726,3643
2018-05-12,1447,1383
2018-05-13,269,303
2018-05-14,3513,159
2018-05-15,3988,3666
2018-05-16,3926,3859
2018-05-17,3641,3486
2018-05-18,3405,3345
2018-05-19,1421,1566
2018-05-20,505,463
2018-05-21,,
2018-05-22,3920,3433
2018-05-23,3916,3364
2018-05-24,3462,3313
2018-05-25,2664,2307
2018-05-26,,
2018-05-27,430,482
2018-05-28,2137,1936
2018-05-29,2147,2187
2018-05-30,2029,1915
2018-05-31,413,460
2018-06-01,,
2018-06-02,617,574
2018-06-03,353,393
2018-06-04,3514,3173
2018-06-05,3587,3381
2018-06-06,,
2018-06-07,,
2018-06-08,,
2018-06-09,1350,1608
2018-06-10,996,846
2018-06-11,3383,3158
2018-06-12,3694,3368
2018-06-13,3323,3140
2018-06-14,3499,3061
2018-06-15,3834,3275
2018-06-16,1338,1421
2018-06-17,352,69
2018-06-18,3424,2772
2018-06-19,3579,3242
2018-06-20,,
2018-06-21,3580,3172
2018-06-22,2676,2171
2018-06-23,1307,1360
2018-06-24,374,480
2018-06-25,3481,3183
2018-06-26,3509,3184
2018-06-27,2161,1830
2018-06-28,,
2018-06-29,3470,3422
2018-06-30,87,1453
2018-07-01,477,513
2018-07-02,200,231
2018-07-03,3259,3027
2018-07-04,3298,3049
2018-07-05,3121,2867
2018-07-06,2076,8
2018-07-07,1016,1048
2018-07-08,64,460
2018-07-09,17,412
2018-07-10,2427,2208
2018-07-11,2525,2217
2018-07-12,2424,2330
2018-07-13,2425,2189
2018-07-14,888,910
2018-07-15,344,349
2018-07-16,2573,1957
2018-07-17,2305,2306
2018-07-18,2347,2237
2018-07-19,2374,2155
2018-07-20,2231,2170
2018-07-21,,
2018-07-22,465,434
2018-07-23,2418,2308
2018-07-24,2409,2213
2018-07-25,2501,2384
2018-07-26,2480,2351
2018-07-27,2319,2281
2018-07-28,841,896
2018-07-29,298,317
2018-07-30,2393,2492
2018-07-31,97,107
2018-08-01,3103,2943
2018-08-02,3112,2978
2018-08-03,3118,2822
2018-08-04,1202,1219
2018-08-05,420,673
2018-08-06,456,3413
2018-08-07,3685,3342
2018-08-08,3743,3687
2018-08-09,3768,3541
2018-08-10,3825,3623
2018-08-11,1450,1585
2018-08-12,291,388
2018-08-13,3694,3605
2018-08-14,4093,3313
2018-08-15,3191,3125
2018-08-16,3714,3331
2018-08-17,3254,3236
2018-08-18,1551,1301
2018-08-19,357,444
2018-08-20,3808,3765
2018-08-21,3820,3763
2018-08-22,3915,3605
2018-08-23,,
2018-08-24,,
2018-08-25,1567,1838
2018-08-26,313,397
2018-08-27,3477,3287
2018-08-28,3752,3623
2018-08-29,3652,3604
2018-08-30,3778,3568
2018-08-31,3361,3111
2018-09-01,,
2018-09-02,698,785
2018-09-03,2779,2678
2018-09-04,2911,2901
2018-09-05,2893,2779
2018-09-06,2636,2533
2018-09-07,358,395
2018-09-08,485,506
2018-09-09,294,297
2018-09-10,3557,3402
2018-09-11,3809,3673
2018-09-12,3721,3504
2018-09-13,3844,3463
2018-09-14,,
2018-09-15,1182,1236
2018-09-16,367,396
2018-09-17,3596,3309
2018-09-18,3700,3340
2018-09-19,345,3457
2018-09-20,3538,3437
2018-09-21,3567,3345
2018-09-22,,
2018-09-23,426,474
2018-09-24,3614,3196
2018-09-25,3775,3465
2018-09-26,3713,3611
2018-09-27,3743,3373
2018-09-28,3324,3267
2018-09-29,1093,1126
2018-09-30,412,473
2018-10-01,3464,3214
2018-10-02,3816,3695
2018-10-03,3858,3691
2018-10-04,3825,3602
2018-10-05,3675,3258
2018-10-06,1212,1168
2018-10-07,360,329
2018-10-08,3632,3225
2018-10-09,3819,3595
2018-10-10,3882,3679
2018-10-11,3784,3480
2018-10-12,628,612
2018-10-13,543,587
2018-10-14,312,315
2018-10-15,,
2018-10-16,3718,3575
2018-10-17,3669,3287
2018-10-18,3630,3316
2018-10-19,3852,3379
2018-10-20,1265,1227
2018-10-21,92,3329
2018-10-22,3753,3340
2018-10-23,157,6
2018-10-24,3644,3219
2018-10-25,3741,3318
2018-10-26,294,314
2018-10-27,1109,1219
2018-10-28,304,286
2018-10-29,3106,196
2018-10-30,3648,3268
2018-10-31,3557,3302
2018-11-01,3960,3520
2018-11-02,624,598
2018-11-03,504,509
2018-11-04,25,47
2018-11-05,3495,3235
2018-11-06,4,3477
2018-11-07,3732,3332
2018-11-08,3819,3354
2018-11-09,3354,195
2018-11-10,,
2018-11-11,397,513
2018-11-12,,
2018-11-13,3906,3499
2018-11-14,3817,3245
2018-11-15,437,442
2018-11-16,1041,794
2018-11-17,537,496
2018-11-18,321,342
2018-11-19,942,771
2018-11-20,389,407
2018-11-21,3648,3335
2018-11-22,3657,3367
2018-11-23,3582,3175
2018-11-24,948,1000
2018-11-25,1207,977
2018-11-26,3520,3081
2018-11-27,3664,3267
2018-11-28,4844,4277
2018-11-29,4875,4114
2018-11-30,5477,4693
2018-12-01,2187,2436
2018-12-02,359,430
2018-12-03,,
2018-12-04,3502,3063
2018-12-05,3488,2914
2018-12-06,3702,2854
2018-12-07,3587,2789
2018-12-08,1044,1046
2018-12-09,381,418
2018-12-10,2923,2490
2018-12-11,2975,2548
2018-12-12,2963,2544
2018-12-13,2746,2336
2018-12-14,2732,2181
2018-12-15,731,769
2018-12-16,491,526
2018-12-17,2334,1960
2018-12-18,2439,2162
2018-12-19,2226,1950
2018-12-20,2099,1921
2018-12-21,1734,1530
2018-12-22,502,396
2018-12-23,220,224
2018-12-24,291,261
2018-12-25,127,158
2018-12-26,784,632
2018-12-27,762,614
2018-12-28,794,569
2018-12-29,359,283
2018-12-30,174,244
2018-12-31,240,254
2019-01-01,193,134
2019-01-02,1130,927
2019-01-03,1424,1225
2019-01-04,1759,1506
2019-01-05,396,389
2019-01-06,604,502
2019-01-07,2376,2027
2019-01-08,1930,1740
2019-01-09,1974,1760
2019-01-10,2052,1694
2019-01-11,1977,1639
2019-01-12,461,446
2019-01-13,242,221
2019-01-14,2273,2117
2019-01-15,2223,2020
2019-01-16,2387,2124
2019-01-17,2232,2134
2019-01-18,2160,2028
2019-01-19,,
2019-01-20,263,280
2019-01-21,2215,1991
2019-01-22,2145,1892
2019-01-23,2219,1956
2019-01-24,2170,1765
2019-01-25,365,368
2019-01-26,374,396
2019-01-27,229,261
2019-01-28,2248,1954
2019-01-29,2286,2004
2019-01-30,2333,2069
2019-01-31,,
2019-02-01,2277,2025
2019-02-02,75,638
2019-02-03,564,537
2019-02-04,2272,2372
2019-02-05,,
2019-02-06,2427,2313
2019-02-07,2782,2609
2019-02-08,2980,2640
2019-02-09,,
2019-02-10,310,339
2019-02-11,3106,2732
2019-02-12,2936,2739
2019-02-13,2997,2742
2019-02-14,3176,2887
2019-02-15,2920,2684
2019-02-16,915,1159
2019-02-17,368,391
2019-02-18,5029,4571
2019-02-19,4071,3863
2019-02-20,,
2019-02-21,,
2019-02-22,3983,3085
2019-02-23,1192,1099
2019-02-24,356,347
2019-02-25,3825,3649
2019-02-26,3705,3380
2019-02-27,3690,3655
2019-02-28,3615,3193
2019-03-01,3072,2699
2019-03-02,667,614
2019-03-03,300,263
2019-03-04,503,445
2019-03-05,359,323
2019-03-06,920,753
2019-03-07,3211,2849
2019-03-08,3094,2682
2019-03-09,1027,1225
2019-03-10,332,327
2019-03-11,3625,3429
2019-03-12,3935,3461
2019-03-13,3862,3506
2019-03-14,3818,3334
2019-03-15,3468,3098
2019-03-16,1116,1371
2019-03-17,,
2019-03-18,3727,3397
2019-03-19,4007,3404
2019-03-20,4166,3628
2019-03-21,3883,3446
2019-03-22,3469,3048
2019-03-23,1194,1423
2019-03-24,336,343
2019-03-25,3526,3321
2019-03-26,3751,3409
2019-03-27,3691,3354
2019-03-28,3554,3257
2019-03-29,3497,3241
2019-03-30,1263,1350
2019-03-31,310,304
2019-04-01,3312,3091
2019-04-02,3477,3392
2019-04-03,3612,3370
2019-04-04,3428,3236
2019-04-05,3365,3118
2019-04-06,1296,1429
2019-04-07,343,309
2019-04-08,3200,3063
2019-04-09,3581,3239
2019-04-10,3607,3413
2019-04-11,3597,3352
2019-04-12,3831,3137
2019-04-13,1681,1737
2019-04-14,309,329
2019-04-15,2678,2545
2019-04-16,2928,2719
2019-04-17,2907,2627
2019-04-18,2434,2241
2019-04-19,299,267
2019-04-20,402,377
2019-04-21,216,198
2019-04-22,3288,3165
2019-04-23,3597,3348
2019-04-24,3728,3252
2019-04-25,3447,3343
2019-04-26,2146,2258
2019-04-27,,
