date;precipitation;max_temperature;min_temperature
2013-01-01;0.0;31.9;22.0
2013-01-02;0.0;26.6;18.1
2013-01-03;0.0;21.2;18.1
2013-01-04;3.2;26.9;18.7
2013-01-05;0.0;32.7;20.4
2013-01-06;0.4;31.3;21.7
2013-01-07;0.0;32.1;20.3
2013-01-08;0.0;32.1;22.2
2013-01-09;17.5;27.7;21.1
2013-01-10;11.1;24.5;17.8
2013-01-11;3.4;22.3;16.5
2013-01-12;0.0;20.8;14.9
2013-01-13;21.5;24.4;17.4
2013-01-14;9.9;25.7;17.7
2013-01-15;32.2;25.7;18.1
2013-01-16;1.2;26.1;18.9
2013-01-17;21.7;27.7;18.8
2013-01-18;0.0;30.9;19.6
2013-01-19;0.0;28.2;19.7
2013-01-20;23.2;24.6;18.7
2013-01-21;1.4;21.8;17.2
2013-01-22;0.4;26.3;16.2
2013-01-23;0.0;28.1;18.4
2013-01-24;2.1;30.7;19.3
2013-01-25;2.1;30.7;21.3
2013-01-26;12.0;25.7;19.6
2013-01-27;4.3;22.7;18.6
2013-01-28;1.0;22.8;17.9
2013-01-29;0.6;23.1;17.7
2013-01-30;0.0;26.5;19.3
2013-01-31;0.0;30.0;19.7
2013-02-01;0.0;28.7;21.1
2013-02-02;9.4;31.5;19.7
2013-02-03;6.8;26.5;20.5
2013-02-04;40.1;26.2;17.9
2013-02-05;0.6;24.5;17.1
2013-02-06;0.0;26.2;18.1
2013-02-07;1.2;21.3;17.9
2013-02-08;13.1;26.6;18.1
2013-02-09;23.0;26.5;17.7
2013-02-10;4.5;28.5;19.2
2013-02-11;27.6;30.9;18.7
2013-02-12;0.0;32.5;20.3
2013-02-13;0.0;30.9;21.7
2013-02-14;1.7;33.3;19.7
2013-02-15;25.0;32.1;17.3
2013-02-16;31.2;32.9;17.3
2013-02-17;21.2;29.2;19.9
2013-02-18;0.0;34.0;19.9
2013-02-19;15.8;31.1;19.9
2013-02-20;3.0;32.3;17.7
2013-02-21;0.0;32.1;20.5
2013-02-22;0.0;30.8;18.1
2013-02-23;18.8;25.3;18.1
2013-02-24;0.0;32.0;19.9
2013-02-25;11.7;31.1;20.8
2013-02-26;0.0;29.7;20.1
2013-02-27;23.3;27.2;20.0
2013-02-28;0.0;28.0;19.0
2013-03-01;0.0;28.5;19.0
2013-03-02;0.0;29.2;18.9
2013-03-03;2.2;31.5;19.4
2013-03-04;0.0;31.9;20.8
2013-03-05;0.0;32.1;22.0
2013-03-06;0.0;31.7;20.5
2013-03-07;6.8;30.3;20.5
2013-03-08;10.6;31.8;20.7
2013-03-09;8.2;32.3;20.3
2013-03-10;75.6;29.7;20.0
2013-03-11;5.8;27.6;20.0
2013-03-12;2.0;31.1;20.6
2013-03-13;2.6;27.0;20.0
2013-03-14;1.5;23.7;19.1
2013-03-15;0.0;29.1;18.7
2013-03-16;0.0;27.1;20.7
2013-03-17;9.1;23.1;17.7
2013-03-18;25.8;19.5;14.9
2013-03-19;0.6;19.8;15.3
2013-03-20;0.0;22.6;15.3
2013-03-21;11.4;23.7;16.5
2013-03-22;0.4;27.7;19.1
2013-03-23;0.0;25.9;18.4
2013-03-24;0.0;26.1;17.6
2013-03-25;6.3;25.9;18.9
2013-03-26;0.0;24.7;18.2
2013-03-27;3.0;25.1;17.6
2013-03-28;0.0;24.8;15.6
2013-03-29;2.6;23.9;18.0
2013-03-30;0.0;26.5;17.0
2013-03-31;0.0;0.0;17.9
2013-04-01;0.0;0.0;18.0
2013-04-02;0.0;0.0;19.7
2013-04-03;0.1;0.0;18.2
2013-04-04;0.0;0.0;18.4
2013-04-05;14.0;0.0;20.2
2013-04-06;0.5;0.0;19.5
2013-04-07;0.0;0.0;18.6
2013-04-08;10.8;0.0;19.4
2013-04-09;1.2;0.0;18.2
2013-04-10;0.0;0.0;17.0
2013-04-11;0.0;0.0;18.6
2013-04-12;3.4;0.0;18.5
2013-04-13;26.6;0.0;18.3
2013-04-14;14.1;0.0;15.5
2013-04-15;0.0;0.0;14.1
2013-04-16;0.0;0.0;14.7
2013-04-17;0.0;0.0;14.6
2013-04-18;0.0;0.0;13.2
2013-04-19;0.0;0.0;15.0
2013-04-20;0.0;0.0;14.2
2013-04-21;0.0;0.0;13.7
2013-04-22;0.0;0.0;16.5
2013-04-23;0.0;0.0;14.2
2013-04-24;0.0;0.0;15.0
2013-04-25;0.0;0.0;13.9
2013-04-26;0.0;0.0;13.7
2013-04-27;0.0;0.0;14.4
2013-04-28;0.0;0.0;14.3
2013-04-29;0.0;0.0;16.0
2013-04-30;0.0;0.0;16.4
2013-05-01;0.0;0.0;17.9
2013-05-02;0.0;0.0;17.6
2013-05-03;0.0;0.0;17.4
2013-05-04;0.0;0.0;18.8
2013-05-05;0.0;0.0;19.8
2013-05-06;6.0;0.0;12.2
2013-05-07;0.0;0.0;11.1
2013-05-08;0.0;0.0;12.4
2013-05-09;0.0;0.0;10.2
2013-05-10;0.0;0.0;11.4
2013-05-11;0.0;0.0;12.9
2013-05-12;0.0;0.0;13.7
2013-05-13;0.0;0.0;14.4
2013-05-14;0.0;0.0;15.2
2013-05-15;0.0;0.0;17.5
2013-05-16;0.0;0.0;18.4
2013-05-17;0.0;0.0;14.7
2013-05-18;0.0;0.0;15.3
2013-05-19;0.0;0.0;16.3
2013-05-20;0.0;0.0;16.4
2013-05-21;0.0;0.0;18.6
2013-05-22;0.0;0.0;16.9
2013-05-23;18.0;0.0;15.7
2013-05-24;0.0;0.0;14.7
2013-05-25;0.0;0.0;13.0
2013-05-26;0.0;0.0;13.9
2013-05-27;0.0;0.0;13.8
2013-05-28;1.3;0.0;12.5
2013-05-29;9.4;19.8;15.0
2013-05-30;7.8;21.1;15.1
2013-05-31;0.0;22.2;14.1
2013-06-01;0.0;26.6;14.2
2013-06-02;0.0;20.8;15.7
2013-06-03;8.3;19.4;14.1
2013-06-04;0.4;22.3;10.5
2013-06-05;0.0;25.7;12.4
2013-06-06;0.0;25.8;13.1
2013-06-07;0.0;25.7;14.5
2013-06-08;0.0;24.1;15.7
2013-06-09;0.0;25.8;16.0
2013-06-10;0.0;26.1;14.4
2013-06-11;0.0;24.0;16.4
2013-06-12;4.6;24.7;16.4
2013-06-13;11.0;24.2;16.2
2013-06-14;0.0;23.8;15.1
2013-06-15;0.0;18.8;14.4
2013-06-16;0.0;21.8;14.9
2013-06-17;16.6;20.4;16.0
2013-06-18;0.0;22.2;14.5
2013-06-19;0.0;26.4;14.3
2013-06-20;0.0;22.5;16.6
2013-06-21;0.0;24.1;16.0
2013-06-22;0.0;23.2;16.9
2013-06-23;0.0;18.4;13.5
2013-06-24;0.8;17.5;14.1
2013-06-25;31.2;17.3;15.3
2013-06-26;48.3;18.5;15.8
2013-06-27;3.8;20.8;15.9
2013-06-28;0.0;24.4;16.6
2013-06-29;0.0;26.7;15.5
2013-06-30;18.2;20.9;15.9
2013-07-01;16.2;17.3;13.1
2013-07-02;20.5;16.2;13.0
2013-07-03;0.1;20.7;13.1
2013-07-04;0.0;21.8;13.1
2013-07-05;0.0;26.0;12.9
2013-07-06;0.0;26.7;12.9
2013-07-07;0.0;26.3;14.0
2013-07-08;0.0;20.6;14.4
2013-07-09;0.0;18.7;14.4
2013-07-10;0.0;22.3;14.0
2013-07-11;0.0;19.7;13.0
2013-07-12;0.0;23.9;11.3
2013-07-13;0.0;24.8;13.2
2013-07-14;0.0;26.3;14.7
2013-07-15;0.0;24.8;15.5
2013-07-16;0.0;23.2;13.2
2013-07-17;0.0;25.0;11.4
2013-07-18;0.0;26.5;12.4
2013-07-19;0.0;22.6;15.2
2013-07-20;5.2;26.9;14.5
2013-07-21;8.3;26.3;16.1
2013-07-22;2.4;22.9;14.4
2013-07-23;10.4;15.8;7.2
2013-07-24;1.8;8.5;5.2
2013-07-25;22.4;11.5;6.9
2013-07-26;1.8;13.7;8.0
2013-07-27;1.8;19.0;10.5
2013-07-28;0.0;22.5;8.3
2013-07-29;0.0;21.4;9.5
2013-07-30;0.0;24.1;8.3
2013-07-31;0.0;26.9;9.7
2013-08-01;0.0;27.9;10.7
2013-08-02;0.0;27.4;13.2
2013-08-03;0.0;29.9;15.4
2013-08-04;0.0;28.3;14.7
2013-08-05;0.0;24.0;15.2
2013-08-06;0.0;25.5;13.4
2013-08-07;0.0;25.3;13.2
2013-08-08;0.0;28.5;15.6
2013-08-09;0.0;28.5;16.8
2013-08-10;0.0;27.9;15.8
2013-08-11;0.0;21.7;10.3
2013-08-12;0.0;25.8;8.4
2013-08-13;0.0;27.6;12.0
2013-08-14;2.6;22.4;8.6
2013-08-15;1.3;15.1;7.6
2013-08-16;0.8;20.4;8.8
2013-08-17;0.0;17.4;10.9
2013-08-18;0.0;17.7;12.2
2013-08-19;0.0;21.8;12.4
2013-08-20;0.0;23.5;13.2
2013-08-21;0.0;26.3;11.9
2013-08-22;0.0;26.3;15.3
2013-08-23;0.0;30.5;16.4
2013-08-24;0.0;28.3;16.1
2013-08-25;0.0;30.1;15.3
2013-08-26;0.0;26.8;14.5
2013-08-27;3.0;19.4;11.3
2013-08-28;0.0;16.6;9.9
2013-08-29;0.0;23.9;10.0
2013-08-30;0.0;26.0;11.0
2013-08-31;0.0;28.1;12.9
2013-09-01;0.0;30.3;15.3
2013-09-02;0.0;30.5;15.1
2013-09-03;0.0;23.9;16.2
2013-09-04;3.0;17.0;13.1
2013-09-05;0.0;19.0;13.2
2013-09-06;0.0;24.3;13.7
2013-09-07;0.0;26.2;14.4
2013-09-08;0.0;27.8;13.1
2013-09-09;0.0;28.2;14.7
2013-09-10;0.0;29.3;15.1
2013-09-11;0.0;28.4;14.8
2013-09-12;0.0;29.8;14.9
2013-09-13;0.0;28.3;16.2
2013-09-14;0.0;30.5;16.3
2013-09-15;0.0;31.5;18.5
2013-09-16;0.0;28.4;19.1
2013-09-17;5.4;20.6;16.9
2013-09-18;3.7;19.3;13.2
2013-09-19;18.6;20.7;14.5
2013-09-20;0.0;31.1;15.7
2013-09-21;0.0;32.4;17.9
2013-09-22;0.0;24.0;17.5
2013-09-23;32.8;25.1;15.5
2013-09-24;12.0;20.4;15.5
2013-09-25;0.0;16.0;10.3
2013-09-26;0.6;18.0;10.5
2013-09-27;0.0;21.0;9.1
2013-09-28;0.0;27.7;12.3
2013-09-29;5.2;22.3;14.2
2013-09-30;0.0;19.9;15.4
2013-10-01;6.6;25.7;17.4
2013-10-02;20.0;24.6;16.4
2013-10-03;0.0;20.7;17.2
2013-10-04;27.0;22.7;17.5
2013-10-05;0.0;20.4;14.7
2013-10-06;0.0;20.8;11.4
2013-10-07;0.0;17.7;12.7
2013-10-08;0.0;20.0;12.0
2013-10-09;0.0;24.9;11.7
2013-10-10;0.0;25.3;14.4
2013-10-11;0.0;25.1;16.3
2013-10-12;0.0;24.5;13.6
2013-10-13;0.0;28.7;15.7
2013-10-14;0.0;30.8;19.9
2013-10-15;17.0;25.9;17.6
2013-10-16;4.5;19.4;17.1
2013-10-17;34.0;22.9;16.2
2013-10-18;0.0;24.1;16.6
2013-10-19;15.5;27.6;14.7
2013-10-20;0.0;30.5;15.5
2013-10-21;0.0;32.7;17.7
2013-10-22;1.8;28.7;17.7
2013-10-23;0.0;30.2;18.3
2013-10-24;0.0;32.3;21.3
2013-10-25;0.0;23.4;19.1
2013-10-26;0.0;31.7;18.6
2013-10-27;0.0;28.4;17.3
2013-10-28;0.2;21.0;14.7
2013-10-29;0.0;18.7;13.3
2013-10-30;0.0;23.5;14.4
2013-10-31;0.0;21.7;15.4
2013-11-01;0.0;23.8;15.4
2013-11-02;0.0;30.4;16.7
2013-11-03;0.0;32.5;16.4
2013-11-04;0.0;25.5;17.2
2013-11-05;31.8;17.8;13.7
2013-11-06;0.2;16.4;13.8
2013-11-07;18.0;21.0;14.0
2013-11-08;0.0;25.7;15.4
2013-11-09;0.0;29.1;16.9
2013-11-10;0.0;32.3;17.5
2013-11-11;0.0;34.6;19.6
2013-11-12;0.0;29.9;24.0
2013-11-13;0.0;25.7;17.6
2013-11-14;0.0;26.8;14.7
2013-11-15;0.0;32.0;15.3
2013-11-16;0.0;30.6;22.0
2013-11-17;4.0;22.7;16.3
2013-11-18;1.6;26.3;17.3
2013-11-19;0.0;30.3;17.7
2013-11-20;8.8;32.8;19.7
2013-11-21;13.4;32.3;20.7
2013-11-22;0.6;24.3;18.3
2013-11-23;4.2;22.1;18.1
2013-11-24;7.0;23.3;17.5
2013-11-25;19.6;20.7;17.7
2013-11-26;13.0;22.4;17.7
2013-11-27;1.4;28.4;18.2
2013-11-28;0.0;31.9;18.9
2013-11-29;0.0;32.3;20.5
2013-11-30;0.0;25.1;19.8
2013-12-01;0.0;24.7;19.9
2013-12-02;0.0;30.8;20.0
2013-12-03;1.2;31.8;22.0
2013-12-04;0.0;33.8;20.2
2013-12-05;0.0;33.6;17.9
2013-12-06;24.6;25.9;18.1
2013-12-07;0.0;30.5;19.3
2013-12-08;0.0;29.9;20.1
2013-12-09;0.0;32.9;20.2
2013-12-10;4.8;26.7;21.5
2013-12-11;2.4;24.2;18.4
2013-12-12;0.0;23.1;17.3
2013-12-13;0.0;25.2;17.2
2013-12-14;0.0;29.4;17.9
2013-12-15;0.0;30.7;18.3
2013-12-16;0.0;26.5;18.0
2013-12-17;0.0;26.3;16.7
2013-12-18;0.0;27.7;18.0
2013-12-19;0.0;26.4;18.4
2013-12-20;0.0;26.6;18.5
2013-12-21;0.0;25.6;18.4
2013-12-22;0.0;28.3;18.0
2013-12-23;0.0;26.7;18.9
2013-12-24;0.0;28.1;19.4
2013-12-25;0.0;30.1;20.5
2013-12-26;42.2;33.5;20.1
2013-12-27;0.0;34.4;20.7
2013-12-28;0.0;31.5;22.2
2013-12-29;7.9;30.8;21.0
2013-12-30;0.0;29.9;22.1
2013-12-31;0.0;30.2;23.0
2014-01-01;0.0;32.3;23.2
2014-01-02;1.0;31.9;21.5
2014-01-03;0.0;35.5;24.2
2014-01-04;0.0;30.7;21.1
2014-01-05;2.6;29.5;20.1
2014-01-06;20.4;31.1;19.5
2014-01-07;0.0;32.9;19.7
2014-01-08;0.0;32.8;21.0
2014-01-09;0.0;32.6;17.1
2014-01-10;28.5;33.2;17.1
2014-01-11;1.0;32.9;20.9
2014-01-12;1.2;31.3;17.3
2014-01-13;13.6;30.5;16.5
2014-01-14;17.8;31.7;16.4
2014-01-15;21.3;31.7;18.2
2014-01-16;1.8;27.9;17.1
2014-01-17;22.2;28.5;17.2
2014-01-18;29.0;28.9;18.5
2014-01-19;0.0;28.8;18.3
2014-01-20;0.0;31.8;18.7
2014-01-21;1.2;32.3;19.9
2014-01-22;7.7;32.5;21.9
2014-01-23;11.2;31.7;21.7
2014-01-24;0.0;32.3;16.5
2014-01-25;57.4;32.5;16.5
2014-01-26;0.0;32.1;21.7
2014-01-27;0.0;33.2;21.9
2014-01-28;0.0;33.6;21.4
2014-01-29;0.0;34.0;21.5
2014-01-30;0.0;34.3;21.4
2014-01-31;0.0;34.5;21.5
2014-02-01;0.0;35.9;21.3
2014-02-02;0.0;34.5;23.8
2014-02-03;0.0;35.0;24.7
2014-02-04;0.0;34.7;25.4
2014-02-05;0.0;35.5;23.4
2014-02-06;0.0;35.2;22.6
2014-02-07;0.0;36.4;23.4
2014-02-08;0.0;36.3;23.5
2014-02-09;3.0;36.0;22.3
2014-02-10;6.8;34.7;22.3
2014-02-11;0.0;33.3;22.2
2014-02-12;0.0;33.8;22.0
2014-02-13;0.0;33.9;23.2
2014-02-14;0.0;32.1;17.9
2014-02-15;57.4;22.8;17.7
2014-02-16;71.2;24.3;19.3
2014-02-17;13.3;25.8;19.2
2014-02-18;3.3;25.5;18.6
2014-02-19;0.0;28.2;17.1
2014-02-20;0.0;31.5;18.5
2014-02-21;0.0;31.5;19.9
2014-02-22;7.8;31.9;20.9
2014-02-23;7.6;31.0;20.8
2014-02-24;0.0;27.4;21.0
2014-02-25;4.2;30.1;20.2
2014-02-26;2.8;32.9;18.7
2014-02-27;0.2;33.5;22.6
2014-02-28;20.0;27.6;19.5
2014-03-01;32.2;27.8;17.7
2014-03-02;9.0;27.6;19.1
2014-03-03;0.0;28.3;19.3
2014-03-04;0.0;29.9;20.0
2014-03-05;1.0;24.3;20.7
2014-03-06;6.6;30.1;20.1
2014-03-07;5.0;29.0;18.2
2014-03-08;87.1;26.3;17.7
2014-03-09;4.0;30.0;18.1
2014-03-10;0.0;31.1;19.2
2014-03-11;0.0;30.3;21.4
2014-03-12;2.0;27.5;20.4
2014-03-13;14.4;29.6;19.9
2014-03-14;0.0;32.6;20.7
2014-03-15;0.0;32.7;21.6
2014-03-16;15.2;33.5;20.9
2014-03-17;25.2;31.6;20.7
2014-03-18;0.0;31.2;21.7
2014-03-19;0.8;31.3;21.3
2014-03-20;0.0;31.1;21.3
2014-03-21;5.2;31.1;20.4
2014-03-22;8.2;27.3;19.9
2014-03-23;5.6;21.1;17.1
2014-03-24;0.0;24.5;17.1
2014-03-25;0.0;25.1;16.2
2014-03-26;0.0;25.0;17.5
2014-03-27;0.0;27.3;18.3
2014-03-28;0.0;28.7;18.6
2014-03-29;0.0;28.6;19.0
2014-03-30;0.0;29.5;19.7
2014-03-31;5.4;29.8;19.9
2014-04-01;0.1;29.3;19.9
2014-04-02;0.0;27.1;20.1
2014-04-03;0.0;26.7;19.6
2014-04-04;0.0;26.8;20.1
2014-04-05;0.0;28.5;16.3
2014-04-06;0.0;31.7;17.6
2014-04-07;0.0;31.9;18.0
2014-04-08;0.0;30.0;17.4
2014-04-09;0.0;30.3;20.1
2014-04-10;0.0;28.1;20.9
2014-04-11;0.0;30.6;18.5
2014-04-12;2.1;31.0;19.9
2014-04-13;49.8;26.8;19.8
2014-04-14;0.0;20.6;16.7
2014-04-15;1.6;19.3;16.1
2014-04-16;25.9;23.7;16.7
2014-04-17;0.0;27.5;18.7
2014-04-18;0.0;29.6;18.9
2014-04-19;0.0;30.6;17.7
2014-04-20;0.0;26.3;19.1
2014-04-21;0.2;26.8;18.6
2014-04-22;0.0;23.7;18.0
2014-04-23;0.0;24.1;18.2
2014-04-24;0.0;21.3;17.5
2014-04-25;0.0;23.6;16.2
2014-04-26;0.0;20.9;15.2
2014-04-27;0.0;21.9;14.0
2014-04-28;0.0;22.4;14.5
2014-04-29;0.0;24.7;12.1
2014-04-30;0.0;26.5;12.0
2014-05-01;0.0;23.1;16.9
2014-05-02;0.0;26.4;16.3
2014-05-03;0.0;26.0;16.9
2014-05-04;0.0;27.0;15.5
2014-05-05;0.0;27.2;16.5
2014-05-06;0.0;27.1;17.2
2014-05-07;0.0;27.7;18.4
2014-05-08;0.0;27.3;16.4
2014-05-09;0.0;23.6;16.3
2014-05-10;0.0;21.0;14.2
2014-05-11;0.0;20.6;13.7
2014-05-12;0.0;23.9;12.4
2014-05-13;0.0;25.3;13.8
2014-05-14;0.0;25.3;14.7
2014-05-15;0.0;25.7;14.7
2014-05-16;0.0;25.9;14.7
2014-05-17;0.0;23.1;17.1
2014-05-18;0.0;25.7;16.1
2014-05-19;8.0;22.9;15.2
2014-05-20;0.0;24.5;15.2
2014-05-21;0.0;26.7;14.4
2014-05-22;0.0;27.1;15.9
2014-05-23;14.8;21.9;16.0
2014-05-24;10.5;16.8;14.3
2014-05-25;0.7;17.0;14.1
2014-05-26;11.6;21.3;14.9
2014-05-27;0.0;17.9;11.5
2014-05-28;0.4;18.4;12.6
2014-05-29;0.0;18.3;12.1
2014-05-30;0.0;21.4;11.6
2014-05-31;0.0;24.7;12.7
2014-06-01;0.0;21.6;13.4
2014-06-02;0.0;20.8;14.0
2014-06-03;0.0;19.5;9.8
2014-06-04;0.0;23.4;9.6
2014-06-05;0.0;25.9;12.1
2014-06-06;4.0;23.1;16.1
2014-06-07;5.5;27.8;17.1
2014-06-08;0.0;27.8;16.2
2014-06-09;0.0;24.3;17.5
2014-06-10;0.0;18.5;15.5
2014-06-11;0.0;22.1;15.2
2014-06-12;0.0;25.1;15.3
2014-06-13;0.0;27.3;15.1
2014-06-14;0.0;26.3;15.5
2014-06-15;0.0;21.3;16.1
2014-06-16;0.0;26.2;16.7
2014-06-17;0.0;26.3;15.7
2014-06-18;0.0;25.6;15.2
2014-06-19;0.2;16.8;12.6
2014-06-20;0.0;16.6;12.5
2014-06-21;0.0;18.7;13.7
2014-06-22;0.0;22.4;14.6
2014-06-23;0.0;24.7;13.9
2014-06-24;0.0;25.7;13.3
2014-06-25;0.0;26.1;14.6
2014-06-26;0.0;26.6;14.4
2014-06-27;0.0;27.2;15.1
2014-06-28;0.0;27.6;15.9
2014-06-29;0.0;22.3;17.2
2014-06-30;0.0;22.0;12.1
2014-07-01;0.0;22.4;11.7
2014-07-02;0.0;26.6;12.0
2014-07-03;0.0;28.8;15.8
2014-07-04;0.0;29.1;15.9
2014-07-05;0.0;26.8;15.9
2014-07-06;0.0;25.7;15.9
2014-07-07;0.0;22.2;15.7
2014-07-08;4.4;18.7;15.4
2014-07-09;1.5;19.7;14.1
2014-07-10;4.6;18.6;14.1
2014-07-11;3.5;18.3;13.5
2014-07-12;0.0;19.8;13.5
2014-07-13;0.0;21.5;13.4
2014-07-14;0.0;20.6;12.7
2014-07-15;0.0;21.7;12.7
2014-07-16;0.0;23.5;12.1
2014-07-17;0.0;26.7;13.8
2014-07-18;0.0;22.5;16.3
2014-07-19;0.0;20.0;11.9
2014-07-20;0.0;20.0;11.3
2014-07-21;0.0;21.1;10.5
2014-07-22;0.0;24.8;10.5
2014-07-23;0.0;26.8;12.9
2014-07-24;0.0;23.3;16.1
2014-07-25;3.4;17.8;13.5
2014-07-26;0.0;15.4;12.3
2014-07-27;2.2;15.4;12.7
2014-07-28;1.8;16.5;12.5
2014-07-29;0.0;19.3;13.3
2014-07-30;0.0;22.8;12.2
2014-07-31;0.0;24.8;11.2
2014-08-01;0.0;26.3;12.0
2014-08-02;0.0;27.1;14.9
2014-08-03;0.0;29.8;14.5
2014-08-04;0.0;29.3;15.6
2014-08-05;0.1;24.2;10.9
2014-08-06;0.0;23.3;9.7
2014-08-07;0.0;27.7;9.3
2014-08-08;0.0;20.6;14.1
2014-08-09;0.0;20.0;15.0
2014-08-10;0.0;25.3;13.9
2014-08-11;0.0;27.6;14.1
2014-08-12;0.0;29.6;14.8
2014-08-13;0.0;23.3;10.6
2014-08-14;14.3;12.6;9.0
2014-08-15;0.0;20.0;10.4
2014-08-16;0.0;21.9;13.5
2014-08-17;10.0;23.5;14.3
2014-08-18;0.0;23.8;16.4
2014-08-19;0.0;21.2;12.8
2014-08-20;0.0;23.6;13.2
2014-08-21;0.0;28.3;14.0
2014-08-22;0.0;29.0;14.3
2014-08-23;0.0;28.8;15.1
2014-08-24;0.0;30.4;16.1
2014-08-25;0.0;31.3;15.2
2014-08-26;0.0;24.2;18.9
2014-08-27;5.2;23.9;13.5
2014-08-28;0.0;21.0;11.0
2014-08-29;0.0;18.4;11.8
2014-08-30;0.0;24.9;11.6
2014-08-31;0.0;31.0;11.6
2014-09-01;10.8;26.2;15.2
2014-09-02;0.0;30.1;16.1
2014-09-03;17.6;25.7;15.1
2014-09-04;0.1;18.7;13.7
2014-09-05;0.0;22.2;12.7
2014-09-06;0.0;27.3;11.3
2014-09-07;0.0;28.5;13.6
2014-09-08;0.0;28.1;17.3
2014-09-09;0.0;31.0;15.9
2014-09-10;0.0;31.6;13.7
2014-09-11;0.0;32.9;18.1
2014-09-12;0.0;29.2;16.7
2014-09-13;0.0;29.2;14.3
2014-09-14;0.0;32.1;15.3
2014-09-15;0.0;32.3;17.8
2014-09-16;0.0;23.7;16.3
2014-09-17;0.0;22.7;15.0
2014-09-18;0.0;26.5;15.6
2014-09-19;2.0;22.4;16.9
2014-09-20;1.2;22.7;18.5
2014-09-21;4.8;21.7;16.0
2014-09-22;0.0;21.2;12.6
2014-09-23;0.0;29.1;11.6
2014-09-24;0.0;32.1;15.6
2014-09-25;0.0;27.3;17.4
2014-09-26;0.1;26.8;17.9
2014-09-27;20.8;20.9;17.4
2014-09-28;0.0;25.1;17.3
2014-09-29;0.0;30.7;18.1
2014-09-30;1.3;29.9;19.5
2014-10-01;2.0;29.9;19.0
2014-10-02;1.4;19.7;14.5
2014-10-03;0.4;20.2;11.6
2014-10-04;0.0;19.3;11.1
2014-10-05;0.0;21.5;10.9
2014-10-06;0.0;25.1;10.7
2014-10-07;0.0;25.9;13.6
2014-10-08;0.0;27.7;14.5
2014-10-09;0.0;31.9;15.4
2014-10-10;0.0;34.4;18.2
2014-10-11;0.0;33.7;20.1
2014-10-12;0.0;35.0;18.6
2014-10-13;0.0;36.0;21.7
2014-10-14;0.0;30.5;19.5
2014-10-15;0.0;28.3;18.3
2014-10-16;0.0;34.8;18.2
2014-10-17;0.0;37.8;19.0
2014-10-18;3.8;29.9;18.9
2014-10-19;0.0;35.9;19.2
2014-10-20;4.8;24.4;17.5
2014-10-21;1.4;20.0;14.8
2014-10-22;0.0;20.8;15.0
2014-10-23;0.0;28.7;15.4
2014-10-24;0.0;31.5;16.4
2014-10-25;0.0;26.3;18.3
2014-10-26;0.0;26.3;18.1
2014-10-27;11.4;25.8;16.7
2014-10-28;0.0;27.7;14.2
2014-10-29;0.0;32.1;14.7
2014-10-30;0.0;33.8;18.8
2014-10-31;0.0;34.2;23.2
2014-11-01;5.6;32.2;20.3
2014-11-02;8.2;29.9;19.9
2014-11-03;0.0;30.5;19.5
2014-11-04;10.6;25.6;20.5
2014-11-05;24.0;21.8;18.2
2014-11-06;3.8;26.9;18.0
2014-11-07;0.0;30.6;18.4
2014-11-08;9.8;25.6;18.5
2014-11-09;2.7;25.3;18.6
2014-11-10;0.0;26.8;16.8
2014-11-11;0.0;28.4;15.1
2014-11-12;0.0;26.3;16.9
2014-11-13;0.0;29.9;18.7
2014-11-14;6.0;20.4;14.9
2014-11-15;0.2;22.8;14.6
2014-11-16;0.0;24.5;15.7
2014-11-17;0.0;24.1;13.4
2014-11-18;0.0;27.7;13.9
2014-11-19;0.0;30.6;15.0
2014-11-20;0.0;27.8;18.6
2014-11-21;0.0;32.7;18.9
2014-11-22;0.1;27.6;22.2
2014-11-23;0.0;27.1;18.1
2014-11-24;2.7;28.6;18.5
2014-11-25;0.0;30.3;20.2
2014-11-26;35.0;27.3;20.2
2014-11-27;8.8;24.3;19.7
2014-11-28;0.0;26.0;17.8
2014-11-29;0.0;25.1;16.9
2014-11-30;0.0;27.1;17.7
2014-12-01;2.2;31.1;19.2
2014-12-02;1.0;29.7;19.5
2014-12-03;0.0;30.3;20.9
2014-12-04;0.0;26.2;16.0
2014-12-05;4.3;20.9;16.0
2014-12-06;0.0;28.1;16.7
2014-12-07;0.0;31.3;17.7
2014-12-08;0.0;31.8;20.3
2014-12-09;0.0;28.7;22.0
2014-12-10;3.4;27.1;20.2
2014-12-11;16.6;29.1;19.8
2014-12-12;1.8;30.0;20.2
2014-12-13;27.6;22.7;19.7
2014-12-14;0.0;26.3;17.7
2014-12-15;8.0;25.1;16.2
2014-12-16;0.0;26.9;15.2
2014-12-17;0.0;31.7;15.1
2014-12-18;0.0;32.9;19.2
2014-12-19;0.0;30.2;19.2
2014-12-20;9.8;31.1;20.2
2014-12-21;0.0;31.3;22.8
2014-12-22;0.0;30.1;20.9
2014-12-23;54.4;21.9;17.3
2014-12-24;30.8;21.7;17.5
2014-12-25;0.0;30.3;18.3
2014-12-26;27.6;32.7;19.4
2014-12-27;0.0;34.6;21.2
2014-12-28;0.0;34.2;23.8
2014-12-29;0.5;33.2;21.0
2014-12-30;15.1;31.2;20.9
2014-12-31;0.0;31.9;22.4
2015-01-01;0.0;32.5;23.9
2015-01-02;0.0;33.5;24.5
2015-01-03;0.0;29.9;22.4
2015-01-04;1.2;28.6;21.5
2015-01-05;0.0;28.3;21.0
2015-01-06;12.2;30.5;20.1
2015-01-07;0.0;33.7;19.5
2015-01-08;48.6;32.8;19.5
2015-01-09;4.4;34.0;21.9
2015-01-10;0.0;34.2;22.1
2015-01-11;3.4;34.8;22.2
2015-01-12;0.0;35.4;21.4
2015-01-13;0.8;34.8;21.2
2015-01-14;1.6;34.0;21.3
2015-01-15;3.0;32.8;21.5
2015-01-16;2.0;32.7;22.3
2015-01-17;0.0;35.8;22.0
2015-01-18;0.0;35.6;23.4
2015-01-19;3.7;36.5;22.7
2015-01-20;0.6;35.6;23.3
2015-01-21;0.0;30.9;22.7
2015-01-22;31.0;26.1;19.2
2015-01-23;3.6;26.1;18.5
2015-01-24;13.0;29.4;19.0
2015-01-25;0.0;30.0;18.1
2015-01-26;20.8;28.7;18.9
2015-01-27;1.2;28.7;20.5
2015-01-28;4.9;29.9;20.1
2015-01-29;0.0;29.2;21.5
2015-01-30;0.0;26.9;20.9
2015-01-31;0.2;24.3;18.5
2015-02-01;0.0;28.0;20.6
2015-02-02;4.5;26.5;20.7
2015-02-03;1.6;31.1;18.0
2015-02-04;3.2;23.7;19.9
2015-02-05;5.6;22.9;19.1
2015-02-06;18.4;25.4;17.9
2015-02-07;16.7;28.7;17.3
2015-02-08;10.4;29.5;17.1
2015-02-09;0.0;30.7;19.3
2015-02-10;32.2;29.0;20.1
2015-02-11;2.2;30.4;19.9
2015-02-12;0.0;32.7;23.1
2015-02-13;0.0;32.1;22.5
2015-02-14;0.0;31.6;21.1
2015-02-15;17.4;27.6;20.0
2015-02-16;22.7;27.3;18.8
2015-02-17;85.3;28.0;19.7
2015-02-18;13.4;26.4;19.9
2015-02-19;2.4;28.5;19.9
2015-02-20;0.0;28.2;21.7
2015-02-21;0.0;31.1;21.4
2015-02-22;0.0;30.8;20.4
2015-02-23;0.0;31.4;20.7
2015-02-24;0.0;31.9;20.5
2015-02-25;2.0;29.3;19.3
2015-02-26;34.4;30.3;19.2
2015-02-27;0.6;31.4;20.4
2015-02-28;0.0;27.7;19.7
2015-03-01;3.0;26.3;18.2
2015-03-02;0.0;29.2;17.2
2015-03-03;0.0;29.5;19.5
2015-03-04;0.0;30.5;18.9
2015-03-05;0.0;31.6;19.7
2015-03-06;0.0;28.5;19.4
2015-03-07;38.2;26.6;19.4
2015-03-08;69.2;24.4;19.7
2015-03-09;77.0;23.3;19.7
2015-03-10;9.7;26.9;21.2
2015-03-11;9.5;28.1;20.1
2015-03-12;1.2;26.9;19.2
2015-03-13;0.0;26.6;20.0
2015-03-14;12.2;27.9;19.9
2015-03-15;0.3;26.8;19.1
2015-03-16;22.4;29.4;18.6
2015-03-17;24.2;25.6;18.6
2015-03-18;0.0;24.1;19.7
2015-03-19;3.2;27.1;19.2
2015-03-20;7.4;28.2;18.9
2015-03-21;14.7;25.3;18.5
2015-03-22;1.7;22.8;18.1
2015-03-23;19.2;23.3;17.1
2015-03-24;0.0;26.3;17.4
2015-03-25;0.0;27.9;17.1
2015-03-26;0.0;29.8;18.3
2015-03-27;0.0;30.8;18.0
2015-03-28;0.0;29.5;19.1
2015-03-29;0.0;26.6;20.5
2015-03-30;18.6;25.9;19.0
2015-03-31;1.0;29.0;20.1
2015-04-01;0.0;27.5;19.2
2015-04-02;0.0;26.2;18.2
2015-04-03;0.0;27.2;16.3
2015-04-04;0.0;29.4;17.9
2015-04-05;0.0;26.4;20.1
2015-04-06;0.0;27.7;18.5
2015-04-07;7.1;20.0;16.1
2015-04-08;0.4;24.3;14.7
2015-04-09;0.0;25.6;15.9
2015-04-10;0.0;25.5;17.0
2015-04-11;0.0;28.4;17.2
2015-04-12;0.0;25.7;16.8
2015-04-13;0.0;25.7;18.1
2015-04-14;0.0;28.8;18.4
2015-04-15;0.0;27.4;18.5
2015-04-16;25.4;26.7;18.6
2015-04-17;37.2;27.0;18.4
2015-04-18;0.0;29.3;18.2
2015-04-19;0.0;27.2;20.3
2015-04-20;20.2;29.2;19.3
2015-04-21;0.0;29.0;19.3
2015-04-22;2.4;21.6;18.9
2015-04-23;14.6;24.9;18.6
2015-04-24;0.0;28.1;19.3
2015-04-25;0.0;23.3;17.4
2015-04-26;0.8;23.7;16.1
2015-04-27;0.0;24.9;17.5
2015-04-28;0.0;26.9;17.2
2015-04-29;0.0;22.7;16.8
2015-04-30;0.0;18.7;14.7
2015-05-01;0.0;22.0;13.4
2015-05-02;0.0;26.4;14.7
2015-05-03;0.0;26.3;15.8
2015-05-04;1.0;22.3;17.9
2015-05-05;9.9;20.8;16.6
2015-05-06;0.0;20.4;15.9
2015-05-07;0.0;21.7;15.8
2015-05-08;0.0;19.2;13.9
2015-05-09;0.0;26.1;13.7
2015-05-10;0.0;21.0;13.7
2015-05-11;22.2;20.6;15.7
2015-05-12;0.0;21.7;14.2
2015-05-13;2.8;18.9;14.7
2015-05-14;0.0;21.0;14.2
2015-05-15;0.0;21.5;13.6
2015-05-16;0.0;22.3;13.2
2015-05-17;0.0;22.4;15.4
2015-05-18;0.0;21.3;16.6
2015-05-19;0.0;22.9;17.0
2015-05-20;0.2;23.3;15.9
2015-05-21;0.0;25.0;16.3
2015-05-22;0.0;25.4;16.3
2015-05-23;0.0;24.4;15.9
2015-05-24;0.0;26.3;17.9
2015-05-25;0.0;27.4;17.5
2015-05-26;0.0;24.8;19.7
2015-05-27;0.0;27.1;19.7
2015-05-28;1.8;23.2;16.8
2015-05-29;7.2;21.9;15.3
2015-05-30;0.0;22.9;13.1
2015-05-31;5.6;18.4;13.6
2015-06-01;2.2;18.0;15.2
2015-06-02;0.5;17.5;15.0
2015-06-03;0.0;21.7;15.0
2015-06-04;0.0;24.1;14.6
2015-06-05;0.0;25.3;14.1
2015-06-06;0.0;26.1;13.8
2015-06-07;0.0;26.2;15.9
2015-06-08;0.0;26.4;15.2
2015-06-09;0.0;26.0;15.2
2015-06-10;0.0;26.2;15.5
2015-06-11;0.0;26.9;17.5
2015-06-12;0.0;23.5;16.9
2015-06-13;0.0;27.4;15.5
2015-06-14;0.0;27.3;18.1
2015-06-15;0.0;23.4;13.1
2015-06-16;9.0;18.1;12.1
2015-06-17;0.0;25.1;13.9
2015-06-18;0.0;26.2;15.8
2015-06-19;3.8;17.7;13.2
2015-06-20;0.0;20.4;12.5
2015-06-21;0.0;24.6;12.6
2015-06-22;0.0;24.6;13.1
2015-06-23;0.0;25.5;14.4
2015-06-24;3.8;18.0;13.9
2015-06-25;1.0;17.4;12.1
2015-06-26;0.0;20.9;12.0
2015-06-27;0.0;20.8;10.6
2015-06-28;0.0;21.8;11.2
2015-06-29;0.0;24.4;11.0
2015-06-30;0.0;25.1;13.2
2015-07-01;0.0;20.5;16.2
2015-07-02;1.6;19.9;15.1
2015-07-03;17.8;18.4;15.6
2015-07-04;15.2;21.0;10.9
2015-07-05;4.4;14.5;11.0
2015-07-06;0.0;20.6;11.3
2015-07-07;0.0;20.2;13.3
2015-07-08;4.5;18.7;14.9
2015-07-09;0.0;20.4;15.3
2015-07-10;0.0;25.4;14.0
2015-07-11;0.0;19.8;16.0
2015-07-12;3.0;27.4;14.0
2015-07-13;0.0;28.7;16.7
2015-07-14;0.0;29.3;18.4
2015-07-15;0.0;27.6;17.2
2015-07-16;0.0;25.8;16.2
2015-07-17;0.0;24.3;15.8
2015-07-18;0.0;23.8;18.2
2015-07-19;0.0;25.9;14.6
2015-07-20;0.0;25.1;14.9
2015-07-21;0.0;21.4;14.0
2015-07-22;0.0;16.1;12.8
2015-07-23;0.0;20.6;13.6
2015-07-24;0.0;25.8;14.3
2015-07-25;16.6;17.9;14.9
2015-07-26;2.0;22.9;13.6
2015-07-27;0.0;24.2;11.0
2015-07-28;0.0;24.5;11.6
2015-07-29;0.0;23.8;11.0
2015-07-30;0.0;26.7;11.3
2015-07-31;0.0;26.6;12.8
2015-08-01;0.0;26.4;14.3
2015-08-02;0.0;26.3;13.8
2015-08-03;0.0;26.9;14.9
2015-08-04;0.0;27.4;15.2
2015-08-05;0.0;27.2;15.0
2015-08-06;0.0;27.7;16.3
2015-08-07;0.0;28.9;15.5
2015-08-08;0.0;27.8;16.0
2015-08-09;0.0;26.2;15.6
2015-08-10;0.0;28.0;15.6
2015-08-11;0.0;27.2;15.2
2015-08-12;0.0;26.6;14.1
2015-08-13;0.0;28.1;14.1
2015-08-14;0.0;27.6;15.3
2015-08-15;0.0;27.8;15.6
2015-08-16;0.0;27.2;16.2
2015-08-17;0.0;28.0;15.3
2015-08-18;0.0;26.5;16.7
2015-08-19;0.0;28.3;17.3
2015-08-20;0.0;19.6;14.8
2015-08-21;1.0;22.1;13.2
2015-08-22;0.0;26.2;14.1
2015-08-23;0.0;30.0;13.5
2015-08-24;0.0;20.5;15.1
2015-08-25;2.4;20.5;14.3
2015-08-26;0.6;24.0;14.8
2015-08-27;2.6;19.8;13.8
2015-08-28;25.0;22.1;12.8
2015-08-29;0.0;26.7;12.2
2015-08-30;0.0;32.0;14.3
2015-08-31;0.0;32.2;16.6
2015-09-01;0.0;30.7;17.2
2015-09-02;0.4;20.2;14.1
2015-09-03;0.0;25.0;14.8
2015-09-04;0.0;19.3;15.2
2015-09-05;2.4;18.5;14.4
2015-09-06;0.0;19.9;13.3
2015-09-07;0.1;24.4;13.8
2015-09-08;23.6;19.2;15.8
2015-09-09;58.0;22.9;15.8
2015-09-10;0.0;25.6;13.9
2015-09-11;31.8;21.8;14.1
2015-09-12;27.6;15.6;12.8
2015-09-13;0.0;16.1;12.5
2015-09-14;0.2;22.5;13.0
2015-09-15;0.0;30.1;14.4
2015-09-16;0.0;32.6;17.2
2015-09-17;0.0;33.0;20.4
2015-09-18;0.0;34.5;21.3
2015-09-19;0.0;35.5;21.1
2015-09-20;0.0;33.3;19.2
2015-09-21;0.0;32.8;17.4
2015-09-22;0.0;33.3;18.9
2015-09-23;0.0;34.0;18.3
2015-09-24;0.0;35.3;20.5
2015-09-25;0.0;30.3;19.2
2015-09-26;28.6;24.9;18.2
2015-09-27;1.8;30.6;18.2
2015-09-28;27.2;23.6;17.5
2015-09-29;0.0;27.1;17.5
2015-09-30;0.0;27.6;18.6
2015-10-01;7.6;26.4;17.6
2015-10-02;0.0;32.7;19.3
2015-10-03;25.0;25.0;16.1
2015-10-04;0.2;21.3;17.1
2015-10-05;0.0;22.4;14.8
2015-10-06;0.0;24.7;14.6
2015-10-07;0.0;32.6;15.9
2015-10-08;0.0;34.0;19.3
2015-10-09;0.0;29.0;19.8
2015-10-10;0.3;28.0;19.6
2015-10-11;0.0;30.0;19.6
2015-10-12;0.0;29.6;19.0
2015-10-13;2.4;27.6;18.1
2015-10-14;0.0;28.5;18.2
2015-10-15;0.0;35.8;18.9
2015-10-16;0.0;35.7;21.3
2015-10-17;0.0;29.2;17.3
2015-10-18;0.1;19.2;15.5
2015-10-19;0.0;27.2;15.5
2015-10-20;0.0;35.3;17.2
2015-10-21;0.0;32.0;21.3
2015-10-22;14.6;22.8;17.7
2015-10-23;13.4;27.3;17.6
2015-10-24;0.0;21.2;16.2
2015-10-25;0.0;19.2;15.7
2015-10-26;28.4;28.5;16.0
2015-10-27;0.1;28.4;19.1
2015-10-28;0.0;23.9;18.6
2015-10-29;0.0;24.8;18.2
2015-10-30;0.0;31.2;19.1
2015-10-31;0.0;29.3;18.2
2015-11-01;27.2;22.4;18.7
2015-11-02;39.6;27.2;18.3
2015-11-03;3.4;25.6;19.5
2015-11-04;6.8;27.4;18.6
2015-11-05;39.3;24.8;18.2
2015-11-06;0.0;22.8;18.0
2015-11-07;1.2;20.0;16.8
2015-11-08;0.6;23.9;17.4
2015-11-09;4.4;29.5;18.7
2015-11-10;10.4;31.8;19.4
2015-11-11;0.0;32.7;19.8
2015-11-12;0.0;31.8;20.8
2015-11-13;0.0;29.6;19.4
2015-11-14;16.4;30.4;19.5
2015-11-15;8.0;29.7;19.8
2015-11-16;0.0;24.9;19.4
2015-11-17;0.0;29.7;17.7
2015-11-18;14.1;30.5;17.6
2015-11-19;0.0;30.4;23.3
2015-11-20;6.8;27.0;19.6
2015-11-21;7.2;24.4;17.2
2015-11-22;0.0;28.8;17.1
2015-11-23;13.6;23.6;19.6
2015-11-24;7.0;22.6;19.3
2015-11-25;0.4;24.8;19.3
2015-11-26;0.0;27.4;19.0
2015-11-27;0.0;28.4;17.6
2015-11-28;0.0;29.8;18.7
2015-11-29;17.4;26.0;20.5
2015-11-30;23.4;23.3;16.7
2015-12-01;0.0;25.8;16.4
2015-12-02;0.0;29.4;18.2
2015-12-03;0.0;26.1;20.2
2015-12-04;0.0;29.1;19.0
2015-12-05;0.1;30.6;19.5
2015-12-06;0.1;28.0;20.6
2015-12-07;47.8;23.9;18.0
2015-12-08;0.0;28.0;18.0
2015-12-09;0.0;27.9;19.6
2015-12-10;0.0;27.7;22.2
2015-12-11;0.0;30.3;20.7
2015-12-12;0.0;30.8;20.6
2015-12-13;12.2;31.0;19.3
2015-12-14;2.0;32.5;21.1
2015-12-15;4.0;32.8;20.6
2015-12-16;1.5;24.8;20.7
2015-12-17;0.0;28.7;18.9
2015-12-18;0.1;33.5;19.6
2015-12-19;1.3;31.3;19.8
2015-12-20;8.4;29.0;19.6
2015-12-21;27.2;29.1;19.6
2015-12-22;43.0;32.4;19.6
2015-12-23;3.0;32.4;22.1
2015-12-24;3.4;31.5;20.5
2015-12-25;39.0;31.0;17.8
2015-12-26;94.8;29.8;17.8
2015-12-27;13.6;28.2;21.1
2015-12-28;0.0;26.7;21.1
2015-12-29;10.3;24.1;20.3
2015-12-30;6.3;22.4;19.3
2015-12-31;0.0;29.0;20.2
2016-01-01;0.0;30.3;21.2
2016-01-02;49.8;26.9;20.8
2016-01-03;2.6;23.9;19.4
2016-01-04;0.3;26.4;18.0
2016-01-05;0.0;29.5;17.7
2016-01-06;0.0;31.7;18.0
2016-01-07;0.0;32.2;18.6
2016-01-08;0.0;33.3;21.4
2016-01-09;0.0;30.4;21.6
2016-01-10;28.2;28.2;20.6
2016-01-11;8.6;23.5;20.7
2016-01-12;8.0;25.5;21.0
2016-01-13;0.6;29.6;21.8
2016-01-14;2.0;26.6;21.3
2016-01-15;29.4;22.6;19.3
2016-01-16;5.8;25.3;18.0
2016-01-17;0.0;27.0;15.2
2016-01-18;0.0;23.2;17.3
2016-01-19;0.0;22.2;17.3
2016-01-20;0.0;22.8;17.4
2016-01-21;0.0;25.8;16.6
2016-01-22;0.0;24.6;15.7
2016-01-23;0.0;28.0;17.4
2016-01-24;0.0;28.2;18.3
2016-01-25;3.0;32.3;18.6
2016-01-26;0.0;33.5;18.6
2016-01-27;0.4;30.0;19.6
2016-01-28;35.0;29.0;19.4
2016-01-29;0.0;28.7;20.9
2016-01-30;2.2;31.0;21.0
2016-01-31;0.0;33.6;21.3
2016-02-01;0.0;33.5;22.5
2016-02-02;0.0;31.6;22.3
2016-02-03;4.8;31.8;20.4
2016-02-04;3.0;29.3;21.3
2016-02-05;0.0;33.3;21.3
2016-02-06;4.4;29.2;20.8
2016-02-07;14.8;30.5;20.5
2016-02-08;0.0;33.0;20.6
2016-02-09;48.0;32.5;20.7
2016-02-10;0.0;32.5;23.4
2016-02-11;0.1;27.8;21.5
2016-02-12;0.0;28.4;18.0
2016-02-13;0.0;30.3;18.4
2016-02-14;0.0;33.6;19.8
2016-02-15;0.0;31.0;20.9
2016-02-16;23.4;28.7;19.8
2016-02-17;0.0;30.8;21.5
2016-02-18;0.6;31.5;21.1
2016-02-19;4.2;31.6;20.9
2016-02-20;0.0;31.6;19.8
2016-02-21;102.0;25.5;19.8
2016-02-22;4.6;24.4;19.6
2016-02-23;1.6;26.8;19.8
2016-02-24;0.0;29.2;20.3
2016-02-25;10.6;31.1;20.2
2016-02-26;4.6;30.4;20.5
2016-02-27;17.6;25.6;21.7
2016-02-28;0.0;28.0;20.4
2016-02-29;30.8;21.2;18.3
2016-03-01;20.4;20.4;16.2
2016-03-02;19.4;24.3;17.2
2016-03-03;22.0;25.2;18.5
2016-03-04;31.2;28.4;19.0
2016-03-05;0.0;29.0;19.0
2016-03-06;0.0;31.1;20.3
2016-03-07;3.0;31.4;19.3
2016-03-08;11.2;31.2;19.7
2016-03-09;0.0;31.5;20.5
2016-03-10;0.1;25.9;20.3
2016-03-11;87.2;26.9;19.0
2016-03-12;18.2;27.8;19.3
2016-03-13;0.0;23.6;18.0
2016-03-14;0.0;27.5;18.5
2016-03-15;0.0;28.7;19.1
2016-03-16;0.8;26.3;19.2
2016-03-17;0.0;28.9;18.9
2016-03-18;0.0;29.2;18.6
2016-03-19;0.0;31.7;18.3
2016-03-20;0.0;28.8;18.2
2016-03-21;0.0;31.2;19.6
2016-03-22;0.0;30.3;19.5
2016-03-23;0.0;28.8;20.3
2016-03-24;4.4;27.4;18.4
2016-03-25;0.1;28.8;19.2
2016-03-26;23.6;28.4;19.4
2016-03-27;0.0;29.7;21.2
2016-03-28;0.0;30.8;21.6
2016-03-29;0.0;31.3;19.0
2016-03-30;15.0;29.5;19.2
2016-03-31;0.0;31.0;20.7
2016-04-01;0.6;29.4;20.8
2016-04-02;0.0;29.7;18.5
2016-04-03;0.0;31.4;19.2
2016-04-04;0.0;29.0;19.2
2016-04-05;0.0;29.6;18.8
2016-04-06;0.0;30.4;18.6
2016-04-07;0.0;32.1;18.8
2016-04-08;0.0;30.5;20.5
2016-04-09;0.0;32.9;18.4
2016-04-10;0.0;31.0;21.2
2016-04-11;0.0;29.5;20.7
2016-04-12;0.0;31.7;19.5
2016-04-13;0.0;31.4;20.3
2016-04-14;0.0;31.8;19.3
2016-04-15;0.0;32.3;21.3
2016-04-16;0.0;31.1;20.4
2016-04-17;0.0;32.0;19.1
2016-04-18;0.0;32.4;19.8
2016-04-19;0.0;31.5;20.8
2016-04-20;0.0;31.0;21.9
2016-04-21;0.0;31.3;19.8
2016-04-22;0.0;30.5;19.6
2016-04-23;0.0;31.5;20.2
2016-04-24;0.0;31.3;20.4
2016-04-25;0.0;30.9;20.6
2016-04-26;0.0;26.8;19.8
2016-04-27;1.8;21.3;15.5
2016-04-28;0.0;21.2;12.2
2016-04-29;0.0;16.5;11.8
2016-04-30;0.0;21.7;12.0
2016-05-01;0.0;20.8;10.7
2016-05-02;0.0;24.2;10.0
2016-05-03;0.0;25.6;12.7
2016-05-04;0.0;25.5;13.5
2016-05-05;0.0;24.8;15.5
2016-05-06;0.0;26.7;14.6
2016-05-07;0.0;23.4;16.6
2016-05-08;0.0;23.2;17.1
2016-05-09;0.0;25.0;16.4
2016-05-10;0.0;24.2;17.7
2016-05-11;0.0;23.7;15.6
2016-05-12;0.0;22.0;16.3
2016-05-13;0.6;21.7;14.9
2016-05-14;0.0;22.7;14.8
2016-05-15;0.0;26.5;15.0
2016-05-16;2.5;27.3;17.0
2016-05-17;3.2;24.8;15.2
2016-05-18;0.0;16.6;14.2
2016-05-19;30.2;16.5;13.7
2016-05-20;1.2;23.6;13.8
2016-05-21;31.6;19.7;13.8
2016-05-22;6.4;26.5;13.8
2016-05-23;17.5;21.8;12.0
2016-05-24;0.6;18.1;9.5
2016-05-25;0.0;21.9;11.8
2016-05-26;0.0;24.2;13.4
2016-05-27;0.0;20.0;14.3
2016-05-28;0.0;21.7;15.5
2016-05-29;0.0;22.0;14.4
2016-05-30;0.0;21.0;14.2
2016-05-31;11.9;23.8;14.8
2016-06-01;1.2;23.5;17.0
2016-06-02;22.0;23.4;14.8
2016-06-03;8.4;20.8;15.1
2016-06-04;14.8;20.0;14.8
2016-06-05;73.4;22.2;15.6
2016-06-06;30.6;23.5;15.8
2016-06-07;53.0;20.4;11.7
2016-06-08;0.5;18.6;10.2
2016-06-09;0.0;16.5;8.9
2016-06-10;0.0;18.8;5.5
2016-06-11;0.0;16.7;6.4
2016-06-12;0.0;16.7;6.1
2016-06-13;0.0;16.8;3.5
2016-06-14;0.0;20.0;7.0
2016-06-15;0.0;23.2;8.3
2016-06-16;0.0;25.5;9.0
2016-06-17;0.0;25.4;12.0
2016-06-18;0.0;21.4;12.5
2016-06-19;0.0;24.5;12.4
2016-06-20;0.0;16.0;11.6
2016-06-21;0.0;14.3;11.3
2016-06-22;0.0;20.5;11.9
2016-06-23;2.9;23.9;11.9
2016-06-24;0.0;21.2;11.1
2016-06-25;0.0;20.5;12.3
2016-06-26;0.0;22.1;12.8
2016-06-27;0.0;22.4;11.4
2016-06-28;0.0;21.7;10.5
2016-06-29;0.0;24.2;12.3
2016-06-30;0.0;23.5;13.5
2016-07-01;0.0;24.4;13.0
2016-07-02;0.0;26.4;14.1
2016-07-03;0.0;26.4;14.0
2016-07-04;0.0;26.4;14.0
2016-07-05;0.0;26.2;13.3
2016-07-06;0.0;26.4;16.8
2016-07-07;0.0;23.8;11.7
2016-07-08;0.0;20.5;9.0
2016-07-09;0.0;23.2;8.1
2016-07-10;0.0;27.9;8.4
2016-07-11;0.0;28.4;14.3
2016-07-12;0.0;28.7;17.4
2016-07-13;0.0;26.0;15.3
2016-07-14;0.0;27.8;14.8
2016-07-15;0.0;29.2;17.5
2016-07-16;0.0;24.5;16.2
2016-07-17;6.4;19.7;10.3
2016-07-18;0.0;17.3;8.7
2016-07-19;0.0;17.0;9.0
2016-07-20;0.0;18.0;10.1
2016-07-21;0.0;18.2;10.5
2016-07-22;0.0;17.9;10.9
2016-07-23;0.0;24.3;11.0
2016-07-24;0.0;27.3;12.5
2016-07-25;0.0;25.4;13.6
2016-07-26;0.0;27.0;12.6
2016-07-27;0.0;27.9;13.8
2016-07-28;0.0;19.7;10.5
2016-07-29;0.0;18.6;11.8
2016-07-30;0.0;23.8;13.0
2016-07-31;0.0;23.8;13.0
2016-08-01;0.0;25.2;13.5
2016-08-02;0.0;21.4;13.7
2016-08-03;0.0;22.2;13.7
2016-08-04;0.0;25.1;14.5
2016-08-05;0.0;26.9;13.4
2016-08-06;0.0;28.4;14.6
2016-08-07;0.0;23.5;15.6
2016-08-08;0.0;18.8;13.6
2016-08-09;0.0;22.0;14.6
2016-08-10;0.2;20.0;11.4
2016-08-11;0.0;14.9;8.7
2016-08-12;0.0;19.4;10.2
2016-08-13;0.0;27.0;10.2
2016-08-14;0.0;29.7;11.2
2016-08-15;0.0;29.6;13.6
2016-08-16;5.0;23.4;14.2
2016-08-17;0.0;28.0;15.1
2016-08-18;12.0;25.0;14.8
2016-08-19;0.0;27.4;13.6
2016-08-20;0.0;22.2;15.4
2016-08-21;46.0;18.8;9.6
2016-08-22;11.0;15.2;8.3
2016-08-23;0.0;21.0;9.1
2016-08-24;0.0;23.4;10.8
2016-08-25;0.0;26.0;12.8
2016-08-26;0.0;28.7;12.0
2016-08-27;0.0;28.8;12.9
2016-08-28;0.0;30.4;13.9
2016-08-29;0.0;31.4;16.3
2016-08-30;0.0;28.3;18.5
2016-08-31;8.2;22.5;14.3
2016-09-01;4.2;23.4;13.1
2016-09-02;0.0;25.0;13.3
2016-09-03;0.0;25.4;16.0
2016-09-04;0.0;21.8;16.6
2016-09-05;0.0;23.8;16.6
2016-09-06;10.8;19.8;15.8
2016-09-07;0.0;19.5;0.0
2016-09-08;0.0;25.8;11.6
2016-09-09;0.0;22.5;13.5
2016-09-10;0.0;27.0;15.3
2016-09-11;0.0;29.1;16.4
2016-09-12;0.0;31.0;16.2
2016-09-13;0.0;32.0;18.5
2016-09-14;0.0;27.8;21.7
2016-09-15;0.0;24.5;14.1
2016-09-16;0.0;19.6;12.2
2016-09-17;0.0;28.4;13.8
2016-09-18;0.0;33.0;16.4
2016-09-19;7.0;26.8;15.6
2016-09-20;0.0;0.0;12.0
2016-09-21;0.0;20.0;10.5
2016-09-22;0.0;23.4;12.4
2016-09-23;0.0;29.5;13.6
2016-09-24;0.0;20.0;13.8
2016-09-25;0.0;16.6;12.4
2016-09-26;0.2;20.4;11.8
2016-09-27;0.0;23.4;10.8
2016-09-28;0.0;27.8;13.2
2016-09-29;0.0;26.6;13.2
2016-09-30;0.0;22.2;13.5
2016-10-01;0.0;20.2;12.9
2016-10-02;0.0;23.8;14.7
2016-10-03;0.0;17.2;15.6
2016-10-04;14.6;22.9;15.3
2016-10-05;4.3;21.4;13.8
2016-10-06;0.0;25.3;14.7
2016-10-07;0.0;21.0;12.8
2016-10-08;0.0;27.8;12.5
2016-10-09;0.0;23.7;15.0
2016-10-10;0.0;22.6;14.6
2016-10-11;0.0;23.9;14.4
2016-10-12;0.8;30.6;15.0
2016-10-13;2.6;29.4;17.0
2016-10-14;22.0;26.4;17.1
2016-10-15;0.2;29.0;18.2
2016-10-16;0.0;32.3;18.4
2016-10-17;0.0;35.0;19.0
2016-10-18;6.2;33.3;19.7
2016-10-19;11.0;35.9;19.3
2016-10-20;4.6;33.8;20.2
2016-10-21;4.4;23.4;17.7
2016-10-22;0.0;20.9;16.4
2016-10-23;0.0;28.3;16.7
2016-10-24;0.0;31.0;18.6
2016-10-25;8.6;22.2;18.7
2016-10-26;5.0;30.2;19.0
2016-10-27;16.6;27.3;18.2
2016-10-28;3.2;24.9;13.5
2016-10-29;0.0;22.8;11.6
2016-10-30;0.0;24.0;14.6
2016-10-31;0.0;29.7;16.2
2016-11-01;0.0;30.2;17.8
2016-11-02;0.0;31.7;20.8
2016-11-03;7.0;23.2;16.0
2016-11-04;2.5;19.4;15.6
2016-11-05;0.8;21.3;14.7
2016-11-06;0.0;27.2;16.0
2016-11-07;35.4;27.8;15.9
2016-11-08;0.4;29.0;15.8
2016-11-09;0.0;31.0;16.2
2016-11-10;36.0;30.1;16.5
2016-11-11;0.0;32.6;18.4
2016-11-12;3.4;24.4;16.5
2016-11-13;8.8;18.9;16.2
2016-11-14;21.7;22.6;16.3
2016-11-15;0.1;23.7;16.8
2016-11-16;1.0;29.4;16.3
2016-11-17;17.0;30.8;17.4
2016-11-18;0.0;21.4;14.0
2016-11-19;0.0;19.4;12.2
2016-11-20;0.0;25.0;11.3
2016-11-21;0.0;29.2;13.3
2016-11-22;0.0;26.5;17.3
2016-11-23;3.4;26.9;17.0
2016-11-24;0.0;26.8;17.5
2016-11-25;1.0;29.3;18.5
2016-11-26;0.0;30.6;17.6
2016-11-27;0.0;31.1;19.0
2016-11-28;0.1;31.8;21.1
2016-11-29;27.0;24.9;16.2
2016-11-30;1.2;19.3;13.8
2016-12-01;0.0;22.3;14.6
2016-12-02;0.0;28.8;16.6
2016-12-03;0.0;29.9;18.0
2016-12-04;15.6;29.9;17.6
2016-12-05;6.8;28.0;15.3
2016-12-06;0.0;30.6;15.1
2016-12-07;0.0;31.2;17.9
2016-12-08;0.0;31.6;19.1
2016-12-09;0.0;29.8;20.5
2016-12-10;0.6;30.6;20.4
2016-12-11;6.0;28.5;20.9
2016-12-12;14.6;23.5;18.8
2016-12-13;40.5;31.4;18.8
2016-12-14;0.0;26.2;18.6
2016-12-15;0.1;19.8;14.8
2016-12-16;0.0;23.1;13.6
2016-12-17;0.0;28.2;15.5
2016-12-18;0.0;28.8;15.4
2016-12-19;57.8;29.4;15.4
2016-12-20;0.0;31.1;17.6
2016-12-21;5.0;30.2;17.5
2016-12-22;1.5;30.8;19.0
2016-12-23;0.0;33.9;19.6
2016-12-24;15.8;32.6;19.0
2016-12-25;0.0;31.0;20.4
2016-12-26;0.0;34.4;20.3
2016-12-27;0.0;33.8;23.7
2016-12-28;0.0;33.0;22.5
2016-12-29;0.0;34.2;21.4
2016-12-30;1.1;31.8;21.4
2016-12-31;0.0;31.7;22.1
2017-01-01;0.0;31.7;18.1
2017-01-02;16.0;31.3;18.1
2017-01-03;3.7;31.3;19.2
2017-01-04;5.0;30.3;18.8
2017-01-05;0.0;31.2;21.9
2017-01-06;0.0;30.4;21.6
2017-01-07;1.2;30.2;18.3
2017-01-08;82.8;30.3;18.4
2017-01-09;11.0;30.4;20.9
2017-01-10;16.7;30.6;20.3
2017-01-11;0.0;30.1;20.9
2017-01-12;15.6;25.7;19.8
2017-01-13;4.2;28.2;18.3
2017-01-14;0.0;31.9;20.2
2017-01-15;0.0;30.7;20.3
2017-01-16;115.0;29.0;18.6
2017-01-17;30.8;24.2;18.5
2017-01-18;23.0;24.0;18.4
2017-01-19;15.2;25.4;18.8
2017-01-20;15.8;23.8;17.8
2017-01-21;17.0;22.0;16.8
2017-01-22;46.6;21.9;16.2
2017-01-23;4.6;25.5;17.6
2017-01-24;8.0;29.5;19.0
2017-01-25;8.8;28.7;20.3
2017-01-26;0.0;25.1;20.9
2017-01-27;8.8;25.5;18.1
2017-01-28;0.0;25.6;18.2
2017-01-29;0.0;32.0;20.3
2017-01-30;0.0;29.3;18.6
2017-01-31;4.2;29.0;18.7
2017-02-01;1.0;27.6;18.6
2017-02-02;26.5;27.0;18.6
2017-02-03;1.0;29.2;19.6
2017-02-04;4.5;28.2;19.2
2017-02-05;8.2;31.8;18.8
2017-02-06;0.0;30.8;19.5
2017-02-07;38.2;28.8;18.3
2017-02-08;0.0;28.4;19.7
2017-02-09;0.0;27.5;18.1
2017-02-10;0.0;29.4;18.6
2017-02-11;0.0;31.2;20.4
2017-02-12;0.0;31.1;20.9
2017-02-13;0.0;31.7;21.7
2017-02-14;0.0;32.8;20.7
2017-02-15;0.0;31.8;21.3
2017-02-16;0.0;31.7;20.6
2017-02-17;0.0;33.4;20.3
2017-02-18;0.0;34.0;20.2
2017-02-19;0.0;34.6;21.8
2017-02-20;0.0;33.5;20.7
2017-02-21;0.0;31.9;18.9
2017-02-22;0.0;32.8;19.6
2017-02-23;0.5;33.2;20.8
2017-02-24;0.0;29.7;17.8
2017-02-25;34.8;24.4;17.8
2017-02-26;0.0;27.6;19.5
2017-02-27;12.6;29.0;19.0
2017-02-28;0.0;30.2;18.2
2017-03-01;0.0;30.9;20.7
2017-03-02;0.0;28.7;21.4
2017-03-03;7.0;27.5;19.5
2017-03-04;5.8;29.0;20.3
2017-03-05;0.0;29.6;19.8
2017-03-06;31.0;27.4;19.8
2017-03-07;36.8;29.2;15.6
2017-03-08;43.6;28.2;15.6
2017-03-09;0.0;30.7;18.6
2017-03-10;0.0;31.0;20.5
2017-03-11;4.6;30.6;20.4
2017-03-12;0.0;31.5;20.3
2017-03-13;0.0;28.1;20.6
2017-03-14;0.0;25.8;18.6
2017-03-15;3.2;28.4;18.8
2017-03-16;0.0;30.2;18.4
2017-03-17;0.0;29.2;18.8
2017-03-18;18.6;21.9;17.2
2017-03-19;0.6;19.5;15.5
2017-03-20;0.2;24.8;16.5
2017-03-21;0.0;25.5;14.3
2017-03-22;0.0;27.0;14.2
2017-03-23;0.0;27.3;14.4
2017-03-24;0.0;28.7;16.0
2017-03-25;8.0;27.0;17.9
2017-03-26;1.0;26.3;16.5
2017-03-27;0.0;24.5;16.5
2017-03-28;0.0;26.1;16.9
2017-03-29;0.0;24.8;16.0
2017-03-30;0.0;25.0;15.3
2017-03-31;0.0;23.2;15.8
2017-04-01;0.0;23.9;16.0
2017-04-02;0.6;25.2;15.9
2017-04-03;0.0;27.6;15.9
2017-04-04;0.0;29.7;17.8
2017-04-05;0.0;30.4;18.6
2017-04-06;5.0;26.4;19.8
2017-04-07;82.1;22.6;19.6
2017-04-08;18.0;26.2;20.2
2017-04-09;0.0;27.6;19.6
2017-04-10;0.0;28.8;20.4
2017-04-11;4.8;29.6;21.2
2017-04-12;0.0;25.2;17.6
2017-04-13;1.7;20.3;17.4
2017-04-14;0.0;24.1;16.5
2017-04-15;0.0;27.6;17.9
2017-04-16;0.0;29.1;17.3
2017-04-17;0.4;24.1;17.2
2017-04-18;0.0;22.6;16.4
2017-04-19;0.0;23.0;14.7
2017-04-20;0.0;27.9;16.0
2017-04-21;0.4;24.5;17.6
2017-04-22;16.3;22.4;15.1
2017-04-23;2.6;21.0;16.1
2017-04-24;0.0;27.0;14.9
2017-04-25;0.0;28.5;17.4
2017-04-26;0.0;24.2;17.6
2017-04-27;11.0;19.9;14.2
2017-04-28;0.2;16.1;13.6
2017-04-29;0.0;19.1;13.4
2017-04-30;0.0;22.3;15.2
2017-05-01;0.0;23.8;15.0
2017-05-02;0.0;23.4;16.1
2017-05-03;0.0;24.8;15.1
2017-05-04;0.0;25.8;14.8
2017-05-05;22.0;21.8;15.2
2017-05-06;13.2;23.3;14.7
2017-05-07;1.0;21.8;16.5
2017-05-08;0.0;24.5;14.4
2017-05-09;0.0;25.5;14.6
2017-05-10;0.0;23.4;17.2
2017-05-11;1.0;21.6;16.1
2017-05-12;0.0;24.2;13.6
2017-05-13;0.0;27.2;13.8
2017-05-14;0.0;25.0;16.1
2017-05-15;0.0;23.8;15.5
2017-05-16;0.0;22.4;15.0
2017-05-17;0.0;20.8;14.9
2017-05-18;0.0;19.1;15.7
2017-05-19;28.3;17.4;15.1
2017-05-20;31.3;22.3;15.5
2017-05-21;0.6;19.5;17.4
2017-05-22;56.0;19.5;17.0
2017-05-23;0.0;22.0;13.4
2017-05-24;0.0;22.0;14.9
2017-05-25;0.0;27.0;15.7
2017-05-26;0.0;28.2;16.1
2017-05-27;0.0;24.2;18.3
2017-05-28;0.0;21.8;18.3
2017-05-29;0.0;25.2;14.9
2017-05-30;0.0;21.1;16.1
2017-05-31;0.0;25.0;16.9
2017-06-01;0.0;20.7;17.3
2017-06-02;0.0;21.2;12.0
2017-06-03;0.0;24.0;12.9
2017-06-04;0.0;28.2;13.6
2017-06-05;0.0;22.4;17.8
2017-06-06;58.8;22.8;17.7
2017-06-07;25.3;27.2;17.3
2017-06-08;0.0;27.4;17.8
2017-06-09;0.0;23.2;15.2
2017-06-10;0.0;19.6;10.9
2017-06-11;0.0;21.8;8.9
2017-06-12;0.0;21.5;11.5
2017-06-13;4.6;17.9;13.6
2017-06-14;13.2;20.4;14.3
2017-06-15;0.0;21.0;14.6
2017-06-16;0.0;23.3;14.0
2017-06-17;0.0;24.8;12.9
2017-06-18;0.0;24.6;13.8
2017-06-19;0.0;24.8;15.3
2017-06-20;0.0;17.6;14.0
2017-06-21;1.0;19.8;14.0
2017-06-22;0.0;22.4;14.5
2017-06-23;0.0;22.8;14.1
2017-06-24;0.0;21.9;14.5
2017-06-25;0.0;21.7;14.9
2017-06-26;0.0;22.3;12.7
2017-06-27;0.0;23.5;13.5
2017-06-28;0.0;25.0;13.0
2017-06-29;0.0;25.2;14.4
2017-06-30;0.0;24.8;13.9
2017-07-01;0.0;21.3;14.7
2017-07-02;0.0;16.7;12.2
2017-07-03;0.0;16.0;10.5
2017-07-04;0.8;17.5;9.3
2017-07-05;0.0;19.4;8.6
2017-07-06;0.0;20.4;10.8
2017-07-07;0.0;20.7;12.2
2017-07-08;0.0;21.1;13.0
2017-07-09;0.0;22.8;13.1
2017-07-10;0.0;23.8;12.7
2017-07-11;0.0;25.1;12.6
2017-07-12;0.0;23.2;12.7
2017-07-13;0.0;22.2;14.2
2017-07-14;0.0;24.0;12.9
2017-07-15;0.0;24.8;12.5
2017-07-16;0.0;24.4;15.1
2017-07-17;0.0;26.1;14.2
2017-07-18;0.0;18.0;7.9
2017-07-19;0.0;13.9;7.9
2017-07-20;0.0;22.9;10.0
2017-07-21;0.0;24.9;12.2
2017-07-22;0.0;23.0;13.5
2017-07-23;0.0;25.9;14.2
2017-07-24;0.0;24.8;12.5
2017-07-25;0.0;25.6;12.9
2017-07-26;0.0;24.7;13.4
2017-07-27;0.0;24.5;13.3
2017-07-28;0.0;21.7;12.7
2017-07-29;0.0;23.2;12.6
2017-07-30;0.0;24.0;14.3
2017-07-31;0.0;22.5;12.8
2017-08-01;0.0;21.6;12.0
2017-08-02;0.0;25.2;15.0
2017-08-03;0.0;21.7;15.2
2017-08-04;0.3;18.3;13.0
2017-08-05;2.4;17.4;12.5
2017-08-06;0.0;19.5;11.2
2017-08-07;0.0;25.5;10.3
2017-08-08;0.0;27.7;11.4
2017-08-09;0.0;29.3;17.5
2017-08-10;0.0;24.0;14.9
2017-08-11;0.0;23.0;12.5
2017-08-12;0.0;24.5;14.0
2017-08-13;0.0;30.1;13.8
2017-08-14;0.0;25.2;15.7
2017-08-15;0.0;16.5;14.1
2017-08-16;5.1;16.8;13.9
2017-08-17;4.7;16.7;14.5
2017-08-18;14.1;17.2;14.0
2017-08-19;1.4;18.0;14.6
2017-08-20;4.6;20.2;14.7
2017-08-21;27.8;16.2;11.1
2017-08-22;0.1;17.7;11.0
2017-08-23;0.0;22.2;12.6
2017-08-24;0.0;23.0;13.4
2017-08-25;0.0;25.7;13.2
2017-08-26;0.0;27.2;12.9
2017-08-27;0.0;28.0;18.8
2017-08-28;0.0;27.0;14.2
2017-08-29;0.0;28.4;12.4
2017-08-30;0.0;31.2;14.5
2017-08-31;0.0;25.2;15.3
2017-09-01;0.0;23.5;14.8
2017-09-02;0.0;25.3;14.6
2017-09-03;0.0;26.8;12.6
2017-09-04;0.0;28.7;13.3
2017-09-05;0.0;28.7;14.8
2017-09-06;0.0;27.2;14.7
2017-09-07;0.0;28.3;13.9
2017-09-08;0.0;29.9;15.4
2017-09-09;0.0;30.2;14.7
2017-09-10;0.0;30.4;17.1
2017-09-11;0.0;31.9;18.3
2017-09-12;0.0;31.1;18.9
2017-09-13;0.0;31.8;16.3
2017-09-14;0.0;32.7;18.7
2017-09-15;0.0;33.4;19.6
2017-09-16;0.0;32.2;17.0
2017-09-17;0.0;32.2;17.6
2017-09-18;0.0;30.2;18.0
2017-09-19;0.0;28.1;16.4
2017-09-20;0.0;27.2;15.2
2017-09-21;0.0;29.7;15.8
2017-09-22;0.0;30.0;17.4
2017-09-23;0.0;30.7;18.3
2017-09-24;0.0;24.5;18.0
2017-09-25;0.0;26.5;16.2
2017-09-26;0.0;27.4;14.7
2017-09-27;0.0;30.6;16.1
2017-09-28;0.0;27.0;17.0
2017-09-29;1.0;23.2;16.3
2017-09-30;10.1;22.2;16.4
2017-10-01;25.5;27.0;16.2
2017-10-02;0.0;23.0;16.7
2017-10-03;17.6;23.2;14.8
2017-10-04;1.0;24.1;14.4
2017-10-05;0.0;32.1;13.9
2017-10-06;0.0;33.7;18.8
2017-10-07;2.4;26.0;18.0
2017-10-08;5.4;25.8;17.4
2017-10-09;0.0;31.1;18.4
2017-10-10;0.0;33.9;20.3
2017-10-11;3.0;34.7;19.5
2017-10-12;32.0;34.5;19.1
2017-10-13;0.0;34.5;19.1
2017-10-14;10.8;31.4;19.3
2017-10-15;0.0;19.8;16.1
2017-10-16;0.0;24.4;15.4
2017-10-17;0.0;28.5;17.2
2017-10-18;0.0;31.6;17.9
2017-10-19;0.0;26.2;19.6
2017-10-20;0.0;26.1;19.0
2017-10-21;0.8;25.7;18.5
2017-10-22;0.1;23.5;18.8
2017-10-23;4.1;19.7;13.8
2017-10-24;0.0;20.9;13.8
2017-10-25;0.0;30.3;16.3
2017-10-26;32.8;25.6;15.4
2017-10-27;2.2;25.8;18.0
2017-10-28;3.4;28.0;18.5
2017-10-29;0.0;24.8;19.6
2017-10-30;1.3;22.4;18.2
2017-10-31;7.0;22.7;17.0
2017-11-01;0.0;22.0;14.6
2017-11-02;0.0;25.8;14.4
2017-11-03;0.0;31.5;14.8
2017-11-04;0.0;29.8;18.8
2017-11-05;26.4;21.4;17.4
2017-11-06;0.0;19.5;15.2
2017-11-07;0.0;24.7;14.6
2017-11-08;0.0;26.2;16.1
2017-11-09;0.0;26.7;17.7
2017-11-10;4.2;29.5;18.4
2017-11-11;16.4;24.8;16.4
2017-11-12;0.0;28.4;12.7
2017-11-13;0.0;26.8;15.9
2017-11-14;0.0;28.3;13.2
2017-11-15;0.0;32.4;13.1
2017-11-16;0.0;31.6;20.2
2017-11-17;4.8;29.5;18.5
2017-11-18;12.6;29.8;18.6
2017-11-19;22.0;26.2;19.1
2017-11-20;3.0;21.8;18.6
2017-11-21;6.6;29.5;17.7
2017-11-22;28.0;23.5;16.7
2017-11-23;0.8;22.2;15.2
2017-11-24;0.0;29.4;16.5
2017-11-25;0.0;32.1;17.5
2017-11-26;7.8;25.9;17.6
2017-11-27;26.0;26.6;17.6
2017-11-28;1.2;26.4;18.7
2017-11-29;0.0;26.2;15.9
2017-11-30;0.0;24.3;16.4
2017-12-01;0.0;25.2;18.0
2017-12-02;0.0;25.4;18.2
2017-12-03;0.0;28.5;18.6
2017-12-04;0.0;30.7;19.6
2017-12-05;0.0;28.2;19.3
2017-12-06;0.0;29.2;19.9
2017-12-07;0.0;27.3;19.4
2017-12-08;8.2;28.2;19.8
2017-12-09;11.0;27.4;19.1
2017-12-10;0.0;30.2;17.3
2017-12-11;6.0;30.8;18.6
2017-12-12;0.0;21.1;17.1
2017-12-13;0.0;27.1;17.1
2017-12-14;0.0;31.6;18.2
2017-12-15;0.0;31.9;18.5
2017-12-16;0.0;31.3;20.1
2017-12-17;2.3;32.8;20.8
2017-12-18;10.4;29.2;19.3
2017-12-19;0.0;29.9;20.5
2017-12-20;0.0;30.4;20.2
2017-12-21;30.2;21.5;19.1
2017-12-22;8.2;23.0;19.6
2017-12-23;1.8;28.6;20.3
2017-12-24;0.0;28.1;21.5
2017-12-25;0.0;28.5;19.9
2017-12-26;33.2;28.7;19.9
2017-12-27;10.5;29.7;21.1
2017-12-28;1.2;26.4;22.1
2017-12-29;5.7;24.4;19.2
2017-12-30;15.1;25.2;19.2
2017-12-31;7.5;25.4;19.7
2018-01-01;26.0;29.2;19.3
2018-01-02;0.0;28.1;21.6
2018-01-03;2.2;25.9;19.8
2018-01-04;12.1;28.5;19.7
2018-01-05;0.0;29.4;17.5
2018-01-06;0.0;27.9;19.9
2018-01-07;5.0;20.3;16.4
2018-01-08;34.2;21.4;16.4
2018-01-09;9.7;25.5;18.3
2018-01-10;0.8;29.0;19.0
2018-01-11;18.5;30.2;20.0
2018-01-12;14.8;24.4;19.3
2018-01-13;0.0;26.8;19.0
2018-01-14;0.0;30.4;19.2
2018-01-15;6.0;29.8;19.8
2018-01-16;1.0;29.2;19.8
2018-01-17;5.8;30.8;20.8
2018-01-18;0.0;31.6;22.3
2018-01-19;12.0;28.8;21.0
2018-01-20;2.0;29.0;20.2
2018-01-21;22.0;30.2;19.6
2018-01-22;8.8;31.8;19.6
2018-01-23;4.0;32.0;21.0
2018-01-24;4.2;33.7;20.6
2018-01-25;0.0;29.7;20.6
2018-01-26;0.0;24.8;19.8
2018-01-27;0.3;25.1;18.5
2018-01-28;0.0;31.2;19.6
2018-01-29;3.0;25.8;21.4
2018-01-30;35.1;21.8;18.2
2018-01-31;16.8;25.5;17.2
2018-02-01;0.0;27.3;18.3
2018-02-02;0.0;27.8;18.6
2018-02-03;0.0;25.9;18.1
2018-02-04;0.0;25.7;16.7
2018-02-05;0.0;25.4;18.2
2018-02-06;0.0;24.4;17.7
2018-02-07;0.0;29.0;18.8
2018-02-08;0.0;29.6;17.3
2018-02-09;1.4;32.8;19.3
2018-02-10;0.0;30.0;20.3
2018-02-11;10.2;31.0;20.2
2018-02-12;0.0;32.0;22.7
2018-02-13;2.0;24.5;18.6
2018-02-14;0.0;22.2;18.2
2018-02-15;1.3;24.1;17.8
2018-02-16;0.2;24.5;17.1
2018-02-17;0.0;27.0;17.9
2018-02-18;0.0;23.8;19.8
2018-02-19;0.0;26.8;18.6
2018-02-20;0.0;27.7;21.2
2018-02-21;5.0;29.7;21.5
2018-02-22;0.0;30.2;20.4
2018-02-23;9.0;27.3;19.3
2018-02-24;0.0;27.5;17.8
2018-02-25;0.0;26.8;17.6
2018-02-26;0.0;27.2;19.6
2018-02-27;73.1;28.5;19.0
2018-02-28;0.0;30.3;19.5
2018-03-01;0.0;30.6;20.9
2018-03-02;0.5;31.4;21.3
2018-03-03;4.2;29.5;20.0
2018-03-04;0.0;31.3;21.0
2018-03-05;6.4;31.2;20.4
2018-03-06;22.1;29.8;20.7
2018-03-07;2.2;30.0;21.3
2018-03-08;0.0;23.8;20.2
2018-03-09;0.4;26.8;19.2
2018-03-10;0.0;27.5;20.1
2018-03-11;0.4;31.0;19.3
2018-03-12;0.0;31.2;20.4
2018-03-13;42.8;29.3;20.3
2018-03-14;0.0;33.6;21.6
2018-03-15;32.8;31.0;19.9
2018-03-16;0.0;30.5;22.4
2018-03-17;0.0;29.6;21.2
2018-03-18;0.0;32.0;19.7
2018-03-19;0.0;31.9;21.4
2018-03-20;0.0;31.0;19.5
2018-03-21;50.1;27.0;19.5
2018-03-22;5.4;26.4;19.8
2018-03-23;0.0;30.0;20.2
2018-03-24;0.0;30.3;20.1
2018-03-25;0.0;30.2;20.6
2018-03-26;0.0;28.2;21.6
2018-03-27;13.6;28.6;18.3
2018-03-28;8.7;28.2;19.1
2018-03-29;22.4;28.5;19.6
2018-03-30;1.5;27.8;19.6
2018-03-31;7.0;28.3;19.3
2018-04-01;8.0;28.5;19.3
2018-04-02;2.2;26.0;20.0
2018-04-03;0.0;26.3;20.5
2018-04-04;0.2;26.8;19.3
2018-04-05;0.0;27.8;18.2
2018-04-06;0.0;27.2;19.4
2018-04-07;0.0;28.6;18.0
2018-04-08;0.0;28.1;18.7
2018-04-09;0.0;27.8;18.6
2018-04-10;0.0;28.2;18.3
2018-04-11;0.0;27.7;18.5
2018-04-12;0.0;28.2;17.7
2018-04-13;0.0;29.8;19.3
2018-04-14;0.0;26.2;19.6
2018-04-15;3.8;20.8;18.4
2018-04-16;13.8;21.2;17.0
2018-04-17;0.0;23.3;15.7
2018-04-18;0.0;25.1;14.0
2018-04-19;0.0;26.2;14.0
2018-04-20;0.0;25.8;14.2
2018-04-21;0.0;26.3;13.8
2018-04-22;0.0;26.3;15.8
2018-04-23;0.0;26.7;16.7
2018-04-24;0.0;27.0;17.1
2018-04-25;0.0;28.2;17.8
2018-04-26;0.0;27.8;18.6
2018-04-27;0.0;28.6;18.8
2018-04-28;0.0;28.4;19.3
2018-04-29;0.0;28.4;19.0
2018-04-30;0.0;29.0;17.0
2018-05-01;0.0;28.0;18.1
2018-05-02;0.0;27.5;18.0
2018-05-03;0.0;29.0;17.9
2018-05-04;0.0;29.5;17.7
2018-05-05;0.0;29.6;18.1
2018-05-06;0.0;25.8;18.1
2018-05-07;0.0;25.4;18.3
2018-05-08;0.0;24.1;16.9
2018-05-09;0.0;25.0;15.7
2018-05-10;0.0;26.6;15.9
2018-05-11;0.0;27.3;15.2
2018-05-12;0.0;26.4;18.4
2018-05-13;0.0;23.6;17.0
2018-05-14;0.0;25.6;16.3
2018-05-15;0.0;22.6;17.4
2018-05-16;0.0;27.2;17.6
2018-05-17;0.0;24.1;17.1
2018-05-18;0.0;27.5;17.1
2018-05-19;2.6;22.3;15.4
2018-05-20;8.2;21.0;9.6
2018-05-21;0.0;21.5;9.3
2018-05-22;0.0;24.6;9.7
2018-05-23;0.0;22.2;11.4
2018-05-24;0.0;22.9;12.5
2018-05-25;0.0;22.8;12.1
2018-05-26;0.0;23.3;14.9
2018-05-27;0.0;24.2;14.7
2018-05-28;0.0;22.6;12.9
2018-05-29;0.0;24.0;13.3
2018-05-30;0.0;24.4;13.4
2018-05-31;0.0;25.1;12.5
2018-06-01;0.0;25.1;15.2
2018-06-02;0.0;25.3;16.3
2018-06-03;0.8;22.5;13.7
2018-06-04;0.0;17.4;13.5
2018-06-05;0.3;18.6;14.1
2018-06-06;0.0;23.2;14.0
2018-06-07;2.6;22.2;15.3
2018-06-08;2.0;20.8;14.3
2018-06-09;0.0;19.7;12.5
2018-06-10;0.0;24.5;14.0
2018-06-11;0.0;27.8;14.9
2018-06-12;0.0;27.9;17.3
2018-06-13;6.8;24.2;13.2
2018-06-14;0.2;21.2;13.4
2018-06-15;0.0;16.8;12.5
2018-06-16;0.0;16.2;13.5
2018-06-17;0.0;20.1;13.6
2018-06-18;0.0;22.0;13.9
2018-06-19;0.0;23.3;15.0
2018-06-20;0.0;25.5;14.7
2018-06-21;0.0;25.4;14.0
2018-06-22;0.0;24.6;15.0
2018-06-23;0.0;26.4;14.6
2018-06-24;0.0;28.5;17.5
2018-06-25;0.0;27.2;15.9
2018-06-26;0.0;26.5;16.6
2018-06-27;0.0;23.4;15.5
2018-06-28;0.0;26.0;15.2
2018-06-29;0.0;26.4;14.7
2018-06-30;0.0;26.8;15.1
2018-07-01;0.0;27.4;14.9
2018-07-02;0.0;27.3;14.9
2018-07-03;0.0;24.7;16.2
2018-07-04;0.0;23.7;15.5
2018-07-05;0.0;28.5;14.7
2018-07-06;0.0;26.6;15.3
2018-07-07;0.0;25.2;14.0
2018-07-08;0.0;27.7;18.4
2018-07-09;0.0;25.2;14.7
2018-07-10;0.0;15.6;10.6
2018-07-11;0.0;15.5;9.7
2018-07-12;0.0;19.4;9.6
2018-07-13;0.0;23.6;9.1
2018-07-14;0.0;26.4;11.0
2018-07-15;0.0;28.2;13.0
2018-07-16;0.0;28.3;14.3
2018-07-17;0.0;27.0;14.4
2018-07-18;0.0;27.8;13.7
2018-07-19;0.0;28.1;15.0
2018-07-20;0.0;28.7;15.0
2018-07-21;0.0;28.1;15.7
2018-07-22;0.0;22.1;15.0
2018-07-23;0.0;25.5;14.9
2018-07-24;0.0;20.5;14.1
2018-07-25;0.0;23.8;14.9
2018-07-26;0.0;25.5;14.9
2018-07-27;0.0;26.6;14.4
2018-07-28;0.0;27.4;15.0
2018-07-29;0.0;29.2;16.1
2018-07-30;0.0;25.2;16.4
2018-07-31;24.2;18.4;13.3
2018-08-01;0.0;14.5;12.5
2018-08-02;5.0;17.1;12.4
2018-08-03;0.0;16.2;13.6
2018-08-04;17.6;20.4;14.2
2018-08-05;0.0;19.8;14.5
2018-08-06;5.1;15.1;13.2
2018-08-07;8.5;17.8;12.0
2018-08-08;0.0;26.0;12.9
2018-08-09;2.2;24.6;15.2
2018-08-10;0.0;20.7;10.2
2018-08-11;0.0;22.8;10.5
2018-08-12;0.0;19.2;10.5
2018-08-13;0.0;21.4;10.1
2018-08-14;0.0;27.9;10.0
2018-08-15;0.0;17.8;12.7
2018-08-16;0.0;17.3;13.8
2018-08-17;0.5;17.4;13.5
2018-08-18;0.1;22.2;13.0
2018-08-19;0.0;26.7;13.7
2018-08-20;0.0;27.8;14.4
2018-08-21;0.0;28.8;14.2
2018-08-22;0.0;26.5;14.9
2018-08-23;0.0;27.7;16.2
2018-08-24;0.0;29.7;17.7
2018-08-25;8.8;22.4;16.3
2018-08-26;1.0;16.8;11.3
2018-08-27;0.0;16.8;11.2
2018-08-28;0.0;24.8;12.6
2018-08-29;0.0;25.7;13.9
2018-08-30;0.0;29.2;14.5
2018-08-31;0.0;29.8;15.9
2018-09-01;0.0;31.8;17.0
2018-09-02;0.0;31.4;16.3
2018-09-03;0.0;26.0;15.1
2018-09-04;2.0;17.2;12.0
2018-09-05;24.2;16.0;11.1
2018-09-06;0.0;22.1;9.8
2018-09-07;0.0;27.2;11.4
2018-09-08;0.0;26.4;12.0
2018-09-09;0.0;24.5;13.0
2018-09-10;0.0;25.0;13.9
2018-09-11;0.0;24.0;14.2
2018-09-12;0.0;23.7;14.9
2018-09-13;0.0;26.8;15.1
2018-09-14;6.7;19.0;16.1
2018-09-15;10.0;23.4;16.0
2018-09-16;0.0;23.0;15.0
2018-09-17;1.5;19.5;14.7
2018-09-18;8.2;23.9;14.9
2018-09-19;0.0;29.9;18.9
2018-09-20;0.0;25.0;18.1
2018-09-21;7.1;27.7;17.4
2018-09-22;0.0;28.8;15.9
2018-09-23;0.0;32.4;16.4
2018-09-24;0.0;33.5;16.5
2018-09-25;0.0;26.4;16.4
2018-09-26;0.0;32.2;18.3
2018-09-27;2.0;28.8;19.5
2018-09-28;11.1;22.2;18.8
2018-09-29;0.0;28.2;18.4
2018-09-30;0.0;28.9;19.2
2018-10-01;35.5;25.2;18.9
2018-10-02;3.2;30.9;17.8
2018-10-03;0.0;31.9;19.9
2018-10-04;0.6;23.0;18.2
2018-10-05;0.0;18.6;13.8
2018-10-06;0.0;17.8;13.8
2018-10-07;0.0;19.4;15.4
2018-10-08;1.6;21.7;16.2
2018-10-09;15.2;28.3;18.7
2018-10-10;1.2;28.6;19.8
2018-10-11;0.2;20.8;18.1
2018-10-12;1.0;27.3;18.2
2018-10-13;0.0;30.4;18.9
2018-10-14;6.8;20.6;17.1
2018-10-15;12.6;24.1;16.6
2018-10-16;0.8;24.9;17.2
2018-10-17;0.0;29.5;18.0
2018-10-18;4.7;29.9;18.9
2018-10-19;4.9;21.1;17.1
2018-10-20;0.3;21.9;14.4
2018-10-21;0.0;22.0;12.8
2018-10-22;0.0;28.3;15.2
2018-10-23;0.0;30.2;16.0
2018-10-24;3.0;19.5;17.2
2018-10-25;17.6;21.4;17.2
2018-10-26;5.7;25.4;17.5
2018-10-27;0.8;25.6;19.3
2018-10-28;5.2;19.5;14.0
2018-10-29;0.1;21.0;13.4
2018-10-30;0.0;28.0;15.6
2018-10-31;0.0;31.4;16.7
2018-11-01;10.2;27.9;18.1
2018-11-02;0.0;27.2;18.2
2018-11-03;0.0;31.4;19.1
2018-11-04;5.0;22.8;17.2
2018-11-05;0.4;21.2;15.1
2018-11-06;0.0;23.2;15.9
2018-11-07;0.0;23.2;16.2
2018-11-08;4.4;20.8;15.8
2018-11-09;4.0;24.4;16.2
2018-11-10;0.0;25.3;17.3
2018-11-11;0.0;28.6;19.2
2018-11-12;0.0;30.0;18.6
2018-11-13;0.0;32.2;19.4
2018-11-14;0.0;32.5;23.4
2018-11-15;0.0;29.7;20.8
2018-11-16;0.1;25.2;18.3
2018-11-17;0.0;29.0;16.5
2018-11-18;0.0;28.5;18.8
2018-11-19;28.6;23.4;14.2
2018-11-20;14.0;19.5;14.2
2018-11-21;0.0;20.4;15.1
2018-11-22;0.0;28.8;17.5
2018-11-23;13.1;29.5;18.6
2018-11-24;9.2;25.8;19.4
2018-11-25;7.1;24.5;18.8
2018-11-26;3.6;22.5;17.6
2018-11-27;0.0;25.2;15.5
2018-11-28;0.0;28.8;19.4
2018-11-29;0.0;29.8;19.2
2018-11-30;2.0;31.5;20.0
2018-12-01;76.6;26.6;18.9
2018-12-02;30.6;26.7;19.0
2018-12-03;1.0;22.7;16.5
2018-12-04;0.0;30.0;16.9
2018-12-05;0.0;29.8;20.2
2018-12-06;4.0;29.4;17.9
2018-12-07;0.0;24.5;17.2
2018-12-08;1.0;20.0;13.7
2018-12-09;0.0;26.8;13.3
2018-12-10;0.0;30.0;15.7
2018-12-11;0.0;31.5;19.2
2018-12-12;0.0;33.6;20.2
2018-12-13;14.0;32.0;20.5
2018-12-14;12.2;33.5;19.6
2018-12-15;0.0;33.6;22.4
2018-12-16;0.0;32.6;22.3
2018-12-17;0.7;34.1;22.3
2018-12-18;7.4;34.4;20.7
2018-12-19;6.8;31.2;21.6
2018-12-20;8.0;33.6;21.7
2018-12-21;0.0;32.2;22.3
2018-12-22;0.0;33.0;21.7
2018-12-23;0.4;30.2;21.0
2018-12-24;18.2;28.4;19.9
2018-12-25;7.0;24.2;19.3
2018-12-26;0.6;27.3;18.0
2018-12-27;0.0;28.7;19.0
2018-12-28;0.0;28.9;18.9
2018-12-29;2.6;30.4;18.8
2018-12-30;0.0;32.4;19.1
2018-12-31;0.0;31.0;19.1
2019-01-01;0.0;31.8;18.7
2019-01-02;6.7;32.0;21.0
2019-01-03;0.0;33.3;20.6
2019-01-04;37.8;29.4;20.7
2019-01-05;25.6;24.7;20.3
2019-01-06;22.1;29.6;20.1
2019-01-07;15.0;33.5;20.6
2019-01-08;0.0;33.0;21.8
2019-01-09;0.8;34.5;21.6
2019-01-10;0.0;32.5;22.5
2019-01-11;0.0;32.2;20.3
2019-01-12;25.4;30.8;19.8
2019-01-13;0.0;31.5;21.0
2019-01-14;0.0;32.5;21.6
2019-01-15;0.0;31.8;22.7
2019-01-16;8.8;31.0;20.2
2019-01-17;3.2;33.7;19.6
2019-01-18;10.2;32.8;19.5
2019-01-19;0.0;33.4;22.0
2019-01-20;1.0;32.0;22.1
2019-01-21;0.6;33.9;21.8
2019-01-22;0.0;31.5;21.4
2019-01-23;22.0;32.2;21.3
2019-01-24;6.0;30.5;18.6
2019-01-25;44.0;27.4;18.0
2019-01-26;23.5;28.7;16.5
2019-01-27;0.0;31.0;19.0
2019-01-28;0.0;34.0;21.3
2019-01-29;0.0;32.7;22.7
2019-01-30;1.2;35.1;18.0
2019-01-31;52.0;34.4;17.8
2019-02-01;0.0;35.5;21.7
2019-02-02;0.0;35.9;22.5
2019-02-03;0.0;31.4;22.8
2019-02-04;57.0;24.0;17.6
2019-02-05;3.8;25.3;17.1
2019-02-06;9.0;19.5;17.0
2019-02-07;41.2;27.7;17.1
2019-02-08;0.0;30.4;17.8
2019-02-09;0.0;32.3;18.3
2019-02-10;0.0;35.3;18.8
2019-02-11;0.0;32.8;21.8
2019-02-12;0.0;29.5;21.7
2019-02-13;6.8;22.2;18.8
2019-02-14;0.4;24.2;18.1
2019-02-15;0.0;23.4;17.9
2019-02-16;39.2;24.8;18.9
2019-02-17;44.2;25.4;19.4
2019-02-18;2.0;30.2;19.7
2019-02-19;0.0;31.2;20.9
2019-02-20;0.0;29.4;21.5
2019-02-21;10.6;28.6;20.2
2019-02-22;13.2;29.6;20.3
2019-02-23;9.8;31.6;19.6
2019-02-24;0.0;32.5;22.1
2019-02-25;3.6;31.6;19.3
2019-02-26;47.8;27.6;18.3
2019-02-27;17.0;27.8;18.2
2019-02-28;17.6;22.7;20.2
2019-03-01;27.1;23.4;19.3
2019-03-02;2.4;28.0;19.6
2019-03-03;31.0;29.5;19.1
2019-03-04;5.0;28.8;19.6
2019-03-05;0.0;31.2;20.1
2019-03-06;4.0;31.4;19.8
2019-03-07;0.1;29.2;20.3
2019-03-08;19.4;30.0;20.0
2019-03-09;0.0;33.5;18.5
2019-03-10;42.0;27.8;18.4
2019-03-11;37.2;24.4;18.7
2019-03-12;0.0;30.7;19.5
2019-03-13;18.4;29.5;20.7
2019-03-14;0.0;29.1;20.5
2019-03-15;3.5;29.0;20.3
2019-03-16;1.5;28.8;20.8
2019-03-17;0.6;28.1;21.1
2019-03-18;20.4;30.3;21.4
2019-03-19;0.0;31.1;22.1
2019-03-20;16.0;26.9;20.3
2019-03-21;6.0;21.9;17.0
2019-03-22;4.2;22.2;15.8
2019-03-23;0.0;29.0;16.4
2019-03-24;0.0;29.2;20.1
2019-03-25;0.0;31.4;18.6
2019-03-26;0.0;30.1;18.9
2019-03-27;0.0;29.2;18.6
2019-03-28;0.0;25.3;19.5
2019-03-29;0.8;25.8;17.5
2019-03-30;0.0;27.8;17.3
2019-03-31;0.0;28.3;17.5
2019-04-01;0.0;27.7;18.8
2019-04-02;0.0;29.1;17.5
2019-04-03;0.0;29.8;17.7
2019-04-04;0.0;32.0;18.3
2019-04-05;0.0;31.4;21.6
2019-04-06;0.0;30.2;23.3
2019-04-07;2.4;27.2;21.2
2019-04-08;12.0;24.0;20.6
2019-04-09;55.8;21.4;18.5
2019-04-10;8.0;22.0;16.7
2019-04-11;0.0;28.0;17.8
2019-04-12;0.0;29.2;19.1
2019-04-13;0.0;29.7;19.7
2019-04-14;9.4;22.2;18.4
2019-04-15;8.4;28.0;18.5
2019-04-16;0.0;28.7;19.7
2019-04-17;8.8;27.7;19.3
2019-04-18;0.0;26.9;16.9
2019-04-19;0.0;28.2;15.6
2019-04-20;0.0;28.3;16.4
2019-04-21;0.0;29.6;19.2
2019-04-22;0.0;29.4;20.4
2019-04-23;0.0;27.9;20.8
2019-04-24;0.0;29.2;20.0
2019-04-25;0.0;28.8;20.7
2019-04-26;0.8;27.8;20.6
2019-04-27;27.8;29.4;19.6
2019-04-28;0.0;29.2;21.5
2019-04-29;14.7;24.5;17.3
2019-04-30;0.0;27.1;18.1
